"V1","V2","V3","V4","V5","V6","V7","V8","V9","V10","V11","V12","V13","V14","V15","V16","V17","V18","V19","V20","V21","V22","V23","V24","V25","V26","V27","V28","V29","V30","V31","V32","V33","V34","V35","V36","V37","V38","V39","V40","V41","V42","V43","V44","V45","V46","V47","V48","V49","V50","V51","V52","V53","V54","V55","V56","V57","V58","V59","V60","V61","V62","V63","V64","V65","V66","V67","V68","V69","V70","V71","V72","V73","V74","V75","V76","V77","V78","V79","V80","V81","V82","V83","V84","V85","V86","V87","V88","V89","V90","V91","V92","V93","V94","V95","V96","V97","V98","V99","V100"
43,0,0,0,0,0,0,2,1,60,0,0,2,0,0,0,0,0,4,3,1,0,0,1,1,0,0,0,0,0,9,15,0,1,2,0,1,0,0,0,1,2,70,0,0,35,0,0,8,0,0,1,0,1,0,1,0,15,0,2,0,7,0,0,0,0,0,0,0,5,15,0,0,0,9,0,7,0,0,0,1,7,0,14,0,1,0,0,0,35,0,0,19,1,0,10,0,6,0,0
4,0,0,5,0,0,4,5,2,4,0,0,2,1,1,0,0,0,4,1,0,2,0,0,1,0,0,0,0,1,4,1,0,0,0,0,0,0,0,0,2,1,6,0,0,9,0,0,9,1,0,0,0,3,0,0,0,6,0,0,0,15,0,0,1,0,1,1,0,9,18,0,1,0,6,0,15,0,0,0,1,5,0,1,0,0,0,1,0,3,0,2,17,3,1,3,2,2,0,0
74,0,3,4,0,0,6,2,0,92,0,0,13,0,0,0,0,0,3,9,1,7,0,1,0,0,0,0,1,0,19,26,1,1,2,0,2,0,0,0,3,1,93,0,0,82,3,2,25,0,0,0,0,0,0,0,0,35,0,1,1,14,0,0,1,0,0,0,0,12,18,0,0,0,4,0,6,0,0,0,2,8,0,7,0,1,1,1,0,74,0,2,17,2,0,25,2,9,0,0
16,0,6,7,0,0,17,10,4,8,0,1,8,1,1,0,0,0,23,1,0,10,1,1,0,0,0,1,1,1,23,3,2,0,3,0,6,0,0,0,5,7,8,1,0,21,0,0,17,0,0,0,0,4,3,0,0,23,0,0,0,27,0,2,5,0,4,1,0,17,63,0,1,0,23,0,46,2,0,0,20,13,1,3,0,0,0,3,0,13,0,4,46,10,1,26,10,0,0,1
0,0,4,3,0,0,15,28,3,0,0,1,1,1,3,0,1,0,27,0,0,15,0,0,0,1,1,2,0,1,3,0,4,0,1,0,11,0,0,0,19,7,0,0,0,1,7,0,2,0,0,0,0,5,2,0,0,1,0,0,0,2,0,0,3,0,2,2,0,6,10,0,4,0,12,0,22,1,0,0,27,4,0,0,0,0,0,2,1,2,0,1,9,8,0,0,1,0,0,0
0,1,2,5,0,2,0,0,3,0,16,1,32,1,0,0,0,0,0,9,4,0,13,67,2,0,0,0,9,0,8,8,3,13,31,0,0,1,0,7,0,1,0,7,9,1,1,9,7,1,0,0,0,1,6,22,3,7,3,11,0,9,9,20,3,3,0,0,0,0,3,14,2,2,2,1,1,0,5,5,0,9,2,5,8,83,20,1,0,2,4,54,4,8,1,0,19,14,1,6
2,0,0,1,0,2,0,1,1,0,10,0,14,2,0,0,0,0,0,2,2,0,6,29,0,0,0,1,2,0,6,5,0,5,18,0,0,1,0,2,0,1,0,2,4,0,0,1,2,0,0,2,0,0,6,11,0,2,1,4,0,2,4,3,0,3,0,0,0,0,0,4,1,1,2,0,0,0,2,1,0,4,0,3,5,33,15,0,0,0,3,13,3,0,0,0,7,4,0,0
13,0,4,14,0,1,22,17,5,14,1,1,7,0,5,0,0,1,21,2,0,11,0,0,0,0,1,1,1,2,31,4,1,1,5,0,4,1,0,1,10,12,11,0,0,31,3,1,46,1,2,0,0,4,3,3,3,29,0,1,1,57,0,0,4,1,9,2,0,32,97,0,6,0,41,1,48,0,0,1,16,12,1,3,0,3,0,2,0,21,0,4,63,23,1,26,12,0,0,0
12,0,2,8,0,2,0,3,7,3,3,0,130,1,0,0,0,0,1,16,1,0,4,24,1,2,0,0,11,2,32,30,1,2,35,0,0,2,0,1,1,2,5,2,3,5,0,8,24,1,1,1,0,4,6,6,2,28,2,5,0,16,7,11,2,2,6,0,0,0,4,3,1,2,3,0,4,0,6,1,1,21,2,13,7,18,9,1,0,2,0,31,7,3,0,0,22,42,0,3
17,0,0,5,0,0,0,1,7,5,8,0,103,3,0,0,1,0,1,19,0,1,7,21,0,0,0,0,4,5,34,16,1,4,23,0,0,0,0,2,1,1,2,5,7,1,2,3,26,1,1,0,0,1,3,7,0,21,4,5,0,16,4,4,4,1,3,0,0,1,5,2,0,1,0,0,5,0,4,5,0,14,2,8,3,14,6,1,0,1,0,30,8,0,3,1,22,28,0,5
7,0,2,6,0,0,10,6,2,4,1,1,5,3,3,0,0,0,16,0,0,7,0,0,1,2,0,0,0,2,8,3,1,0,2,0,2,0,0,0,2,4,8,0,0,16,4,0,17,0,0,0,0,2,0,0,0,18,0,0,2,22,0,0,5,0,2,0,0,19,45,0,0,0,25,1,27,1,0,0,10,15,1,2,0,0,1,0,0,10,0,3,35,6,1,7,4,2,0,0
1,0,0,1,0,0,2,1,2,1,0,0,0,0,0,0,0,0,4,1,0,1,0,0,0,0,0,0,0,0,1,1,1,0,0,0,0,0,0,0,0,1,0,0,0,2,0,0,5,0,1,0,0,0,0,0,0,4,0,0,0,3,0,0,2,0,0,0,0,3,13,0,0,0,3,0,6,0,0,0,1,1,0,0,0,0,0,0,0,1,0,2,9,1,0,3,2,0,0,0
5,0,2,3,0,0,0,1,5,3,3,1,65,1,1,0,0,0,3,11,0,1,2,11,1,2,1,1,4,2,17,18,0,1,19,0,0,1,0,0,2,1,0,3,3,1,1,3,11,2,0,2,1,0,3,5,0,9,1,6,0,10,0,2,1,1,4,0,0,0,3,4,0,2,4,0,3,0,2,3,0,15,2,9,3,14,5,0,0,0,0,17,10,2,1,0,15,15,0,3
45,0,0,2,0,0,0,1,0,74,1,0,8,1,1,0,0,0,3,1,0,3,0,1,0,1,0,0,1,0,10,14,0,0,1,0,2,0,0,0,6,1,52,0,0,56,0,0,15,0,0,0,0,1,0,0,0,24,0,0,0,14,0,0,1,0,0,0,0,14,11,0,1,0,6,0,7,0,0,0,1,2,0,8,0,2,0,0,0,56,0,1,15,3,0,15,2,6,0,0
12,0,0,0,0,1,0,0,0,21,0,0,0,0,0,0,0,0,1,1,0,0,0,1,0,0,0,0,0,0,3,4,0,0,0,0,0,0,0,0,0,0,23,0,0,13,0,0,6,0,0,0,0,0,0,0,0,6,0,0,0,3,0,0,0,0,0,0,0,1,3,0,0,0,0,0,3,0,1,0,0,1,0,0,0,0,0,0,0,9,0,1,2,0,0,5,0,3,0,0
0,0,3,1,0,0,9,8,0,0,0,3,1,2,59,0,0,0,6,0,2,12,0,0,0,3,59,32,0,2,0,0,15,0,2,3,29,0,0,0,29,7,0,0,0,0,50,0,1,0,5,0,5,5,2,0,5,0,0,0,129,1,0,0,2,0,3,106,0,8,3,0,13,0,5,107,5,16,0,0,3,0,2,0,0,0,0,17,47,0,0,0,0,5,1,1,0,0,1,0
0,0,0,0,0,0,0,0,0,0,0,0,0,0,0,0,0,0,0,0,0,0,0,0,0,0,0,0,0,0,0,0,0,0,0,0,0,0,0,0,0,0,0,0,0,0,0,0,0,0,0,0,0,0,0,0,0,1,0,0,0,0,0,0,0,0,0,0,0,0,0,0,0,0,0,0,0,0,0,0,0,0,0,0,0,0,0,0,0,0,0,0,0,0,0,0,0,0,0,0
3,0,2,3,0,0,7,7,4,10,0,0,4,1,1,0,0,0,6,1,0,3,0,0,0,1,0,0,0,1,14,3,1,0,2,0,1,0,0,0,1,4,2,0,0,12,1,0,14,0,0,0,0,1,1,1,0,12,0,0,0,16,0,0,2,0,3,0,0,9,22,0,0,0,8,0,10,1,0,0,6,5,0,0,0,0,0,0,0,4,1,1,18,4,1,1,1,1,0,0
2,0,3,2,0,0,0,1,1,0,7,0,10,0,0,0,0,0,0,2,1,1,5,26,0,0,0,0,6,0,3,3,0,4,7,0,1,0,0,0,0,2,0,0,9,1,0,4,5,1,1,1,0,1,1,2,2,1,0,6,0,1,2,9,0,2,2,0,0,0,1,4,0,1,1,0,2,0,3,2,0,6,1,0,3,31,9,0,0,0,0,34,2,1,0,1,5,2,0,1
4,0,4,9,0,0,18,5,4,12,1,0,3,1,0,0,0,0,18,0,1,6,0,3,1,0,0,2,1,3,15,1,3,0,4,1,3,0,0,0,6,2,5,0,0,25,1,0,22,0,1,0,0,4,2,1,4,10,0,0,0,33,0,1,4,0,2,1,0,12,47,0,1,0,22,1,30,0,0,0,8,9,1,1,0,2,1,3,0,7,0,1,38,8,1,18,6,4,0,0
0,0,1,4,0,0,10,15,1,0,0,1,0,2,5,0,0,0,27,0,1,10,0,1,0,0,1,0,0,1,0,0,2,0,0,0,3,0,0,0,11,3,0,0,0,0,5,0,4,0,0,0,0,1,1,0,0,0,0,0,0,3,0,0,4,0,2,2,0,6,8,0,0,0,10,0,11,0,0,0,28,5,2,0,0,0,0,2,0,1,0,1,0,4,0,1,1,0,0,0
0,0,0,0,0,0,4,6,0,1,0,2,0,1,29,0,0,0,1,0,0,7,0,0,1,1,31,20,0,4,0,0,3,0,0,1,14,0,0,0,13,2,0,0,0,0,12,0,0,0,1,0,3,6,1,0,0,0,0,0,73,0,0,0,2,0,2,31,0,0,1,0,6,0,1,42,2,2,0,0,5,0,1,0,0,0,0,9,24,0,0,0,0,1,1,0,0,0,0,0
11,0,1,8,0,0,12,9,1,11,0,0,3,3,0,0,0,0,36,0,0,8,0,3,0,0,0,0,0,2,18,9,1,0,1,0,3,0,0,0,8,9,11,0,0,17,1,0,22,1,0,1,0,6,1,0,0,16,0,0,2,39,0,1,3,0,4,2,0,16,70,0,1,0,35,0,31,0,0,0,10,13,2,0,1,2,0,2,0,4,0,7,52,4,0,13,2,4,0,0
0,0,3,4,0,0,9,12,2,0,0,0,0,0,7,0,0,0,17,0,0,13,0,0,0,0,0,0,0,0,0,0,0,0,0,0,4,0,0,0,9,3,0,0,0,2,8,0,2,0,1,0,1,1,1,0,0,1,0,0,1,3,0,0,0,0,2,0,0,5,7,0,1,0,12,0,11,0,0,0,21,2,2,0,0,0,0,4,0,0,1,1,5,12,1,1,1,0,0,0
1,0,7,10,0,0,38,48,4,1,0,1,1,5,8,0,1,0,74,0,0,31,0,0,0,1,1,7,1,4,8,0,5,0,3,0,13,0,0,0,35,10,0,0,0,1,10,0,4,0,2,0,0,2,1,0,1,3,0,0,1,10,0,0,6,2,6,4,0,25,14,0,3,0,25,1,39,1,0,0,58,6,3,0,0,0,0,7,2,0,0,0,8,20,4,6,2,1,0,0
14,0,3,9,0,1,31,9,6,13,0,2,9,4,4,1,0,0,36,3,1,14,0,6,1,3,0,2,0,3,30,4,4,0,3,0,6,0,0,0,14,13,16,0,0,29,3,0,41,0,4,0,1,5,3,0,2,28,0,0,0,40,0,0,7,1,9,0,0,48,110,0,5,0,24,0,61,0,0,2,21,18,1,1,0,3,0,0,0,14,0,5,62,22,1,31,9,2,0,1
13,0,2,0,0,0,1,0,0,11,0,0,2,1,0,0,0,0,1,0,0,0,0,0,0,0,0,0,0,0,2,2,0,0,0,0,1,0,0,0,0,0,8,0,0,6,0,0,4,0,0,0,0,1,0,0,0,6,0,0,0,3,0,0,0,0,0,0,0,2,2,0,0,0,0,0,1,0,0,0,1,1,0,0,0,0,0,0,0,6,0,0,4,2,0,4,0,0,0,0
0,0,5,0,0,0,4,7,1,0,0,1,0,5,43,0,0,0,5,0,1,4,0,0,0,2,39,27,0,1,0,0,3,0,0,1,21,1,0,0,9,2,0,0,0,1,15,0,0,0,8,0,2,3,0,0,1,0,0,0,112,2,0,0,4,0,3,56,1,3,0,0,7,0,2,76,5,11,0,0,7,0,0,0,0,1,0,12,30,0,0,0,0,2,1,2,0,0,1,0
0,0,4,9,0,0,25,46,0,0,0,0,0,2,7,0,1,0,48,0,1,28,0,0,0,1,5,3,1,3,5,1,5,0,0,0,12,0,1,0,22,12,1,0,0,5,15,0,4,0,2,0,1,1,1,0,0,1,0,1,0,4,0,1,5,0,8,2,0,18,6,0,10,0,20,1,40,1,0,0,45,4,3,0,0,0,0,6,2,0,0,1,4,13,0,2,4,0,0,0
4,0,0,7,0,0,0,0,9,2,19,2,41,2,0,1,2,0,0,6,2,0,19,64,1,0,0,0,14,2,7,11,0,14,59,0,0,1,0,5,1,3,2,13,13,1,0,4,9,3,2,2,0,1,5,27,1,5,5,18,0,11,6,28,2,9,2,0,0,1,2,8,0,3,0,0,2,1,10,4,1,14,2,6,16,77,29,1,0,1,3,40,4,0,2,1,25,11,1,3
0,0,2,2,0,0,5,6,0,0,0,0,0,2,12,0,0,0,0,0,0,2,0,0,0,0,19,11,0,1,0,0,1,0,0,1,5,0,0,0,4,1,0,1,0,0,9,0,0,0,0,0,0,0,0,0,0,0,0,0,28,0,0,0,0,0,0,25,0,0,1,0,5,0,0,17,0,2,0,0,2,0,1,0,0,0,0,2,18,0,0,0,0,1,1,0,0,0,0,0
3,0,6,8,0,0,20,42,4,0,0,2,0,3,11,0,0,0,71,0,0,36,0,0,1,2,0,6,0,6,6,0,2,0,5,1,28,0,0,0,31,16,0,0,0,2,13,0,2,0,0,0,1,6,3,0,0,1,0,1,1,4,0,0,6,0,6,1,0,14,17,1,6,0,28,5,35,0,0,0,50,4,4,0,0,0,0,7,1,3,0,0,6,11,1,5,3,2,0,0
86,0,1,4,0,0,1,1,1,133,0,0,10,0,1,0,0,0,5,7,0,2,1,3,0,0,0,0,2,0,19,26,0,0,2,0,2,0,0,0,2,1,106,0,1,89,0,1,24,0,0,0,0,0,1,1,0,44,0,1,0,21,0,1,3,1,1,1,0,6,19,0,0,0,4,0,10,0,0,0,4,9,1,11,0,5,2,0,0,104,0,3,23,1,2,21,1,9,0,0
0,0,4,4,0,0,5,16,0,0,0,0,0,1,1,0,0,0,16,0,0,10,0,0,3,0,0,4,0,1,1,0,0,0,1,0,4,0,0,0,11,10,0,0,0,0,5,0,0,0,0,0,0,1,2,0,0,0,0,0,0,1,0,0,4,0,1,1,1,3,3,0,0,0,10,0,11,0,0,0,13,0,1,0,0,0,0,0,1,0,0,0,0,9,0,2,3,0,0,0
37,0,0,1,0,0,1,1,1,58,0,0,5,2,0,0,0,0,1,1,0,0,0,0,0,0,0,0,1,0,6,10,0,0,2,0,0,0,0,0,2,1,48,0,0,24,0,0,12,0,0,0,0,0,1,1,1,17,0,0,0,5,0,2,0,0,1,0,0,3,6,1,0,0,3,1,2,0,0,0,2,3,0,6,1,1,0,0,0,40,0,2,13,0,0,17,0,10,0,0
1,1,0,2,0,0,0,0,2,1,7,1,22,0,0,0,1,0,1,4,3,1,12,35,1,0,0,0,7,1,7,6,1,6,16,0,0,1,0,2,0,0,1,4,10,0,0,4,4,0,0,2,0,1,2,1,2,2,3,5,0,2,6,6,1,2,2,0,0,0,2,6,0,2,1,0,0,1,3,2,0,6,0,0,6,26,10,0,0,0,1,17,4,0,2,1,12,4,0,0
11,0,6,12,0,0,13,17,2,17,0,0,9,2,1,0,0,0,21,3,0,10,0,2,0,1,0,0,0,7,25,7,4,0,1,0,6,0,0,0,13,16,18,0,0,37,11,1,40,0,0,0,0,2,1,1,3,27,0,1,0,61,1,0,5,1,12,1,0,32,89,0,7,0,36,0,50,0,0,2,20,24,1,4,0,0,0,1,1,12,2,3,92,13,2,17,6,3,0,0
7,1,1,7,0,0,0,1,6,0,17,0,56,2,0,1,0,0,0,5,3,2,17,78,3,2,0,1,12,7,21,9,1,17,45,0,0,4,0,5,0,7,0,10,13,1,0,15,10,1,0,2,0,4,6,24,3,5,6,15,0,7,10,28,2,4,4,0,0,1,7,16,1,1,2,0,3,0,6,3,0,16,2,7,27,99,25,0,0,1,0,65,8,6,2,0,26,16,0,5
0,0,5,0,0,0,4,6,3,0,0,0,0,2,19,0,0,0,2,0,0,8,0,0,1,0,28,30,0,0,0,0,3,0,0,0,19,0,0,0,8,1,0,0,0,0,8,0,0,1,2,0,1,1,0,0,1,0,0,0,66,0,0,0,2,0,2,37,0,0,4,0,1,0,1,50,2,1,0,0,3,1,1,0,0,0,0,5,31,1,0,0,0,1,2,0,0,0,1,0
0,0,3,1,0,0,6,10,1,0,0,1,0,2,48,0,1,0,9,0,0,11,0,0,0,3,51,31,0,2,1,1,12,0,0,1,33,0,0,0,9,7,2,0,0,1,22,0,1,1,5,0,0,8,0,0,0,0,0,0,119,0,0,0,3,1,2,74,0,4,1,0,4,0,2,85,4,8,0,0,8,0,3,0,0,0,0,9,53,0,0,1,0,1,0,0,0,0,3,0
16,0,3,16,0,0,19,14,6,19,0,1,11,1,2,0,0,0,24,2,1,7,1,2,0,1,0,0,1,2,31,5,1,0,2,0,5,0,0,1,15,12,14,1,0,32,7,0,38,0,0,0,0,4,3,2,0,26,0,2,0,56,0,0,11,0,14,0,0,21,89,0,2,1,33,0,51,1,0,1,17,16,2,6,0,3,0,4,0,8,0,8,63,15,2,23,8,4,1,0
1,0,2,2,0,0,13,23,0,1,0,0,1,1,2,0,0,0,31,0,0,9,0,1,0,0,1,2,0,2,2,1,2,0,0,0,11,0,0,0,16,6,0,0,0,2,6,0,2,0,1,0,0,4,3,0,0,2,0,0,0,2,0,0,2,0,2,4,0,10,10,0,1,0,11,4,20,0,0,0,18,0,0,0,0,1,0,4,1,1,0,1,3,8,1,1,4,0,0,0
0,0,2,3,0,0,5,11,1,0,0,2,0,4,25,0,0,0,2,0,0,10,0,0,1,0,33,23,0,0,0,0,5,0,0,1,26,0,0,0,7,5,0,0,0,0,12,0,0,0,2,0,0,2,0,0,3,0,0,0,61,1,0,0,9,0,2,44,0,1,0,0,6,0,3,67,1,6,0,0,8,0,2,0,0,0,0,10,35,0,0,0,1,2,2,0,0,0,0,0
14,0,4,16,0,0,21,9,3,14,1,0,8,4,1,0,1,0,32,0,0,10,0,1,1,1,0,1,0,2,30,4,2,0,3,1,8,0,0,0,8,8,14,0,0,22,6,0,42,0,2,0,1,0,4,1,0,24,0,1,0,39,0,3,5,1,4,0,0,27,75,0,2,1,39,1,50,2,0,0,22,21,2,3,0,1,0,1,0,20,0,7,74,19,4,27,10,3,0,0
1,0,2,1,0,0,0,0,2,0,7,1,13,2,0,0,0,0,0,4,1,0,8,29,2,0,0,0,4,1,7,0,0,2,18,0,0,1,0,2,1,0,1,1,6,1,0,2,5,1,0,2,1,3,3,18,0,3,4,8,0,1,4,11,0,2,2,0,0,1,2,8,0,2,2,0,1,0,0,1,0,8,2,4,3,36,11,0,0,0,0,22,1,2,2,0,6,7,0,1
1,0,1,0,0,0,0,0,1,0,5,1,11,4,0,0,2,0,0,5,0,1,5,24,1,0,0,1,0,1,6,0,0,7,12,0,0,0,0,4,0,0,0,2,5,0,0,5,3,0,0,1,0,1,1,6,1,2,2,4,0,5,0,6,1,2,1,0,0,0,1,8,1,0,0,0,0,0,3,0,0,5,1,3,7,34,5,0,0,0,0,13,0,0,2,0,5,3,0,5
0,0,3,8,0,0,26,43,3,2,0,0,0,2,5,0,0,0,39,0,0,22,0,0,0,0,0,3,0,1,0,0,2,0,2,0,17,0,0,0,26,12,1,0,0,4,13,0,3,1,1,1,0,7,2,0,1,3,0,0,0,5,0,0,10,0,8,1,0,20,9,0,5,0,17,1,33,1,0,0,51,4,1,0,0,0,0,7,0,3,1,0,6,14,3,0,2,2,0,0
15,0,0,1,0,0,2,1,1,33,1,0,1,0,0,0,0,0,0,0,0,0,1,0,1,0,0,0,0,0,6,2,0,0,1,0,0,0,0,0,0,0,17,0,0,15,0,0,6,0,0,0,0,0,1,0,0,11,0,0,0,5,0,0,0,0,1,0,0,0,3,0,0,0,2,0,1,0,0,0,1,0,0,2,0,0,0,0,0,10,0,1,7,2,0,2,2,3,0,0
81,0,2,4,0,0,2,4,0,125,1,0,10,2,0,0,0,0,5,7,0,4,0,2,0,0,0,1,1,0,20,24,0,0,5,0,0,0,0,0,3,3,119,0,0,93,2,1,25,0,0,0,0,1,0,1,0,31,0,0,0,20,0,0,2,0,1,0,0,9,22,1,0,0,10,0,6,0,0,0,5,9,0,16,1,1,0,0,0,97,0,3,26,4,0,35,3,13,0,0
0,0,0,0,0,0,0,0,1,2,0,0,12,0,0,0,0,0,0,3,0,0,0,6,0,0,0,0,1,0,6,4,0,0,4,0,0,0,0,0,0,0,1,0,0,0,0,1,2,0,0,0,0,1,0,2,0,4,0,3,0,2,1,2,1,0,2,0,0,0,1,1,0,0,0,0,2,0,0,0,0,3,0,1,1,3,1,0,0,0,0,4,3,0,1,0,7,5,0,0
0,0,0,0,0,0,2,2,0,0,0,1,0,1,10,0,0,0,0,0,0,0,0,0,0,1,10,8,0,0,0,0,4,0,0,2,2,0,0,0,1,2,0,0,0,0,5,0,1,0,0,0,0,0,1,0,0,0,0,0,22,0,0,0,2,0,0,16,0,1,0,0,2,0,1,11,2,0,0,1,0,0,0,0,0,0,0,0,9,0,0,0,0,0,0,0,0,0,0,0
4,0,0,0,0,0,0,0,0,12,0,0,0,0,0,0,0,0,1,0,0,0,0,0,0,0,0,0,0,0,1,0,0,0,1,0,0,0,0,0,0,0,10,0,0,8,0,0,0,0,0,0,0,0,0,0,0,6,0,0,0,1,0,0,0,0,0,0,0,0,0,0,0,0,0,0,0,0,0,0,0,0,0,1,0,0,0,0,0,9,0,1,3,0,0,1,0,1,0,0
0,0,0,0,0,0,0,1,0,1,2,0,10,2,0,0,0,0,0,2,1,0,4,17,0,0,0,0,0,1,0,3,0,3,9,0,0,0,0,2,0,0,0,2,4,0,0,2,2,0,0,2,0,2,0,2,0,0,1,2,0,0,1,4,0,0,0,0,0,0,2,3,1,1,0,0,0,0,1,1,0,2,0,0,2,10,5,0,0,0,1,10,2,0,0,0,2,3,0,2
5,0,1,4,0,0,1,1,2,0,1,1,59,1,1,0,0,0,2,6,1,2,1,11,1,1,0,0,3,2,10,8,0,1,10,0,0,0,0,3,1,1,0,0,0,1,0,4,8,0,0,1,0,0,5,2,0,7,0,3,0,7,1,3,0,0,0,0,0,0,1,5,1,1,3,0,2,1,0,0,1,13,1,10,1,17,4,0,0,1,1,29,6,3,0,0,10,16,0,0
0,0,3,2,0,0,9,13,2,0,0,1,0,4,63,0,0,0,3,0,2,13,0,0,0,2,78,38,0,5,0,0,17,0,0,3,27,0,0,0,14,4,0,0,0,0,38,0,0,0,6,0,8,12,2,0,1,0,0,0,158,1,0,0,3,0,0,84,0,2,1,0,15,0,2,119,3,10,1,0,11,1,1,0,0,0,0,15,71,0,0,0,0,3,2,0,1,0,3,0
1,0,5,4,0,0,17,14,2,0,0,1,2,1,4,0,0,0,23,0,0,17,0,0,0,1,0,4,0,2,2,0,2,0,1,0,2,0,0,0,19,4,0,0,0,0,5,0,0,1,0,0,0,3,0,1,0,1,0,0,2,4,0,0,2,0,4,1,0,9,8,0,2,0,9,1,18,0,0,0,29,1,1,0,0,0,0,3,2,0,0,0,4,9,0,1,3,0,0,0
0,0,4,2,0,0,8,14,2,0,0,2,0,3,41,0,0,0,10,0,0,4,0,0,1,1,55,30,0,1,0,0,11,0,0,3,22,0,1,0,17,10,0,0,0,0,25,0,1,1,0,0,0,6,0,0,1,0,0,0,126,2,0,0,7,0,1,75,0,4,1,0,10,0,2,84,5,5,0,0,6,0,3,0,0,0,0,10,33,0,0,1,0,1,0,0,1,0,0,0
0,0,1,1,0,0,2,8,0,0,0,1,0,5,21,0,0,0,5,0,1,3,0,1,1,0,24,22,0,1,0,0,5,0,0,1,11,0,0,0,12,2,0,0,0,0,10,0,0,0,2,0,0,2,1,0,4,0,0,0,46,0,0,0,2,0,1,33,1,1,2,0,7,0,3,36,1,6,0,0,4,0,1,0,0,0,0,5,20,0,0,0,2,0,1,0,0,0,1,0
0,0,0,2,0,0,0,0,0,0,0,0,0,0,1,0,0,0,2,0,0,2,0,0,0,0,0,0,0,0,0,0,0,0,0,0,1,0,0,0,2,0,0,0,0,0,0,0,0,0,0,0,0,1,0,0,0,0,0,0,0,0,0,0,0,0,0,0,0,0,2,0,0,0,1,0,1,0,0,0,0,1,0,0,0,0,0,2,0,0,0,0,0,1,0,0,0,0,0,0
3,0,9,8,0,1,44,67,4,1,0,3,1,5,15,0,0,0,96,0,0,50,0,0,1,0,1,6,0,7,1,1,6,0,2,0,19,0,0,0,41,9,2,0,1,7,14,0,3,1,2,0,0,6,1,0,0,3,0,0,1,9,0,1,17,0,11,8,0,32,14,0,8,0,34,4,51,2,0,0,72,5,3,1,0,0,0,12,3,1,0,2,7,22,2,7,4,1,0,0
0,0,4,1,0,0,5,11,0,0,0,0,0,2,68,0,2,0,6,0,1,12,0,0,0,1,63,30,0,4,0,0,8,0,1,3,33,0,0,0,13,6,0,1,0,0,33,0,0,0,4,0,3,5,3,0,6,1,0,0,162,1,0,0,5,0,1,94,0,1,1,0,8,0,2,120,3,12,0,0,9,3,7,0,0,0,0,17,55,0,0,0,0,4,2,1,0,0,2,0
0,0,6,3,0,0,12,16,2,0,0,2,0,2,73,0,0,0,8,0,0,16,0,0,1,1,57,42,0,6,2,0,9,0,0,1,35,0,0,0,17,5,1,0,0,0,39,0,0,1,7,0,7,6,1,1,5,0,0,0,142,2,0,0,7,0,1,105,0,7,1,0,11,0,5,100,2,11,0,0,8,0,3,1,0,0,0,15,75,0,1,1,1,8,2,1,1,0,2,0
13,1,1,6,0,0,1,1,7,2,12,0,116,1,2,0,1,0,0,22,0,0,5,27,0,1,0,2,10,4,24,33,1,8,33,1,1,2,0,1,0,5,1,2,7,4,2,6,26,2,0,0,0,3,8,12,0,41,1,3,0,12,1,10,1,2,3,0,0,0,6,8,5,2,7,0,2,0,4,3,5,25,2,18,4,24,12,0,0,5,1,42,5,9,3,4,22,39,0,1
15,0,1,4,0,1,2,0,6,0,8,4,91,1,0,1,0,0,1,8,1,1,5,14,0,2,0,0,2,1,29,26,0,4,23,0,1,1,1,0,1,3,1,4,6,6,0,2,19,0,0,1,0,0,2,9,1,32,1,5,0,11,0,5,3,1,4,0,0,2,7,10,1,3,2,0,1,0,3,1,0,20,0,13,6,21,12,2,0,0,1,30,10,2,3,1,19,39,0,3
1,0,0,1,0,0,2,1,0,0,1,0,0,0,0,0,0,0,1,0,1,0,0,0,0,0,0,0,0,0,2,0,0,0,0,0,0,0,0,0,1,0,1,0,0,1,2,0,1,0,1,0,0,0,1,0,0,1,0,0,0,5,0,0,1,0,1,0,0,2,6,0,0,0,2,0,4,0,0,0,3,2,1,0,0,0,0,0,0,1,0,1,3,1,0,1,0,1,0,0
2,0,1,0,0,0,0,1,0,1,0,0,0,0,0,0,0,0,2,0,0,0,0,0,1,0,0,0,0,0,2,0,0,0,1,0,1,0,0,0,0,0,2,0,0,2,1,0,0,0,0,0,0,1,1,0,0,1,0,0,0,2,0,0,1,0,0,0,0,3,5,0,0,0,4,0,3,0,0,0,1,2,0,0,0,0,0,0,0,0,0,1,3,1,0,0,1,0,0,0
1,0,2,4,0,0,2,6,0,2,0,0,0,0,1,0,0,0,8,0,0,4,0,0,0,0,0,0,0,1,7,1,0,0,1,0,0,0,0,0,5,2,4,1,0,5,0,0,4,0,0,0,0,1,2,0,0,14,0,0,0,12,0,1,1,0,2,1,0,8,20,0,1,0,14,0,13,0,0,0,3,4,0,0,0,1,1,1,0,2,0,3,16,3,0,10,1,1,0,0
13,0,0,0,0,0,0,0,0,15,0,0,3,0,0,0,0,0,0,3,0,0,0,0,0,0,0,0,0,0,0,6,0,0,0,0,0,0,0,0,1,1,18,0,0,11,0,0,4,0,0,0,0,0,0,0,0,3,0,0,0,1,0,1,1,0,0,0,0,2,2,0,0,0,4,0,2,0,0,0,0,0,1,2,0,1,0,0,0,11,0,0,5,0,1,3,1,2,0,0
13,0,1,13,0,0,21,18,4,17,0,0,10,6,2,0,0,0,22,1,0,18,1,1,0,0,0,1,0,3,30,11,2,0,4,0,13,0,0,0,9,12,14,0,2,25,4,0,30,0,3,0,0,5,4,1,0,29,0,0,0,40,0,1,4,1,7,0,0,28,85,0,3,0,35,1,54,0,0,0,27,24,3,2,0,2,1,0,1,23,0,6,68,13,1,13,10,3,0,0
31,0,0,1,0,0,2,1,0,42,0,0,2,0,0,0,0,0,1,3,0,0,0,0,0,0,0,0,0,0,10,12,0,0,2,0,1,0,0,0,1,0,39,0,0,27,0,2,10,0,0,0,0,0,0,0,0,9,0,0,0,3,0,0,1,0,1,0,0,2,9,0,0,1,5,0,3,0,0,0,0,4,0,3,0,0,1,1,0,28,0,1,8,2,0,6,2,5,0,0
0,0,10,9,0,1,24,55,2,0,0,0,2,2,7,0,1,0,57,0,0,40,0,1,0,0,0,3,0,3,7,0,8,0,2,2,21,0,0,0,23,16,2,0,0,3,11,0,2,0,1,0,0,5,2,0,2,2,0,0,1,2,0,0,10,0,4,5,0,17,11,0,4,0,27,4,49,2,0,1,69,4,2,2,0,1,0,4,2,2,0,1,18,17,0,5,9,0,0,0
0,0,8,7,0,0,36,36,3,0,0,0,2,5,6,0,0,0,48,0,0,21,0,0,0,1,1,5,0,4,3,0,4,1,1,1,13,0,0,0,35,9,0,0,0,2,9,0,2,0,2,0,2,5,1,0,1,0,0,1,0,5,0,0,6,0,2,4,0,19,21,0,5,0,19,1,30,1,0,0,29,1,2,0,0,0,0,5,4,0,0,0,5,8,0,1,1,1,1,0
21,0,5,10,1,0,21,17,4,8,0,3,3,6,3,0,0,0,31,1,0,6,0,0,0,1,0,3,2,5,22,7,5,0,1,0,8,0,0,1,8,11,7,0,0,22,6,0,22,0,0,0,0,2,4,0,0,27,0,0,0,40,0,0,4,0,6,2,0,34,76,0,0,0,33,0,42,0,1,0,22,19,2,4,0,2,0,2,0,13,0,6,64,12,0,20,6,6,0,0
7,0,1,8,0,1,1,0,3,1,12,2,34,2,1,0,0,0,0,7,3,1,10,48,4,0,0,0,16,7,10,5,0,8,41,0,0,0,0,3,2,1,1,4,7,1,0,9,9,1,2,1,0,1,6,10,0,6,3,17,0,9,2,16,2,8,1,0,0,1,6,15,1,0,2,0,1,0,3,3,0,11,5,2,12,67,24,1,0,0,4,44,7,2,2,0,14,15,0,7
0,1,1,2,0,1,0,0,1,0,8,0,15,1,0,1,0,0,0,2,1,0,6,20,1,3,0,0,4,0,3,4,0,1,10,0,0,0,0,2,0,1,0,1,4,0,0,2,5,0,0,1,0,0,1,4,0,5,0,6,0,0,3,5,1,1,1,0,0,0,0,3,0,0,2,0,0,0,2,3,0,5,2,2,8,22,13,0,0,2,0,16,0,0,0,0,5,3,0,1
0,0,1,1,0,0,5,2,2,0,0,1,0,3,53,0,1,0,4,0,0,6,0,0,0,1,38,27,0,2,0,0,8,0,0,1,23,0,0,0,8,4,0,1,0,0,30,0,0,0,2,0,1,3,0,0,1,0,0,0,97,0,0,0,3,0,3,66,0,2,2,0,7,0,1,65,0,9,0,0,10,1,3,0,0,0,0,9,37,1,0,0,0,3,0,3,0,0,1,0
47,0,0,3,0,0,3,0,1,58,0,0,7,0,0,0,0,0,6,6,0,0,0,0,0,0,0,0,0,0,6,14,0,0,0,0,0,0,0,0,2,0,54,0,0,42,0,2,19,0,0,1,0,0,0,0,0,17,0,0,0,11,0,0,0,0,2,0,0,3,4,1,0,0,1,0,3,0,0,0,3,3,0,8,0,0,0,0,0,60,1,3,11,1,0,13,2,8,0,0
19,0,2,9,0,2,2,1,8,1,9,0,140,2,0,0,0,0,3,16,5,1,3,33,1,3,0,0,7,1,37,26,1,4,39,0,0,2,0,3,0,1,0,6,8,6,1,11,28,2,2,0,0,1,4,12,1,27,3,7,0,20,5,13,3,3,7,0,0,0,9,8,0,3,2,0,4,0,0,2,0,25,1,26,5,34,15,1,0,2,0,49,10,6,2,1,28,40,0,4
12,1,3,10,0,1,11,12,5,9,1,1,1,2,1,0,0,0,23,3,0,5,1,1,0,0,0,3,0,4,19,1,1,0,3,0,6,0,0,0,11,8,5,0,0,26,7,0,25,0,0,1,0,6,0,1,0,15,0,0,0,34,1,1,10,0,3,2,0,24,58,0,3,0,23,0,39,0,1,0,18,21,2,0,0,3,0,0,0,13,0,4,61,14,2,19,7,4,1,0
5,0,0,6,0,1,1,1,2,0,23,1,33,2,0,1,1,0,1,6,6,3,16,71,6,1,0,0,11,2,11,14,0,8,48,0,0,3,0,16,0,1,0,8,11,2,0,4,6,1,0,1,0,5,5,26,1,12,12,9,0,6,6,22,2,8,6,0,0,2,4,13,1,3,1,0,1,0,8,4,1,19,5,9,14,91,33,1,0,2,7,53,8,2,2,0,17,21,0,7
12,0,2,4,0,0,1,0,5,0,7,0,108,1,0,0,0,0,2,18,1,1,5,11,2,1,0,0,6,0,26,23,0,5,26,0,0,0,0,0,2,0,2,2,7,1,1,4,18,0,0,1,0,3,3,5,0,24,3,5,0,6,0,4,1,1,2,0,0,1,5,6,2,3,7,0,0,0,5,4,1,21,2,9,7,27,12,1,0,1,0,34,13,3,2,0,22,23,1,3
58,0,0,3,0,0,3,3,2,97,0,0,3,1,0,0,0,0,4,3,0,1,0,1,0,0,0,0,0,1,14,16,0,0,1,0,1,0,0,0,5,0,75,1,0,66,0,0,18,0,1,0,0,0,0,0,1,35,0,0,0,10,0,0,0,0,2,0,0,9,11,0,0,0,4,0,9,0,0,0,4,5,1,14,1,2,0,0,0,66,0,5,16,1,0,23,5,6,0,2
6,0,0,4,0,0,0,1,2,0,3,0,46,2,0,0,0,0,2,4,1,0,2,3,0,0,0,0,1,1,14,9,0,1,10,0,0,0,0,0,0,1,0,1,1,0,0,2,5,0,1,0,0,2,2,2,0,13,2,3,0,5,0,1,1,0,0,0,0,0,5,3,0,0,0,0,0,0,2,1,0,12,1,5,2,8,1,1,0,0,0,12,5,2,0,0,12,14,0,2
81,0,0,6,0,0,5,1,0,90,0,1,8,0,2,0,0,0,4,8,0,1,0,0,0,0,0,0,1,0,23,17,1,0,3,0,1,0,0,0,2,3,103,0,0,84,1,1,19,0,2,0,0,0,0,0,0,27,0,3,0,17,0,0,1,0,2,0,0,6,18,0,0,0,5,0,7,0,0,0,2,5,3,11,0,0,0,1,0,86,0,3,23,3,1,26,3,12,0,0
3,0,8,6,1,0,34,44,2,0,0,0,1,3,4,0,0,0,59,1,1,26,0,0,0,2,1,4,0,4,3,0,10,0,1,0,20,0,0,0,24,13,2,0,0,4,10,0,3,0,0,1,0,5,0,0,0,1,0,0,0,9,0,0,5,0,5,3,0,14,21,0,8,0,28,4,34,4,0,0,52,2,0,0,0,1,0,9,2,0,1,1,7,15,0,3,2,0,0,0
0,0,0,0,0,0,4,1,0,0,0,0,0,0,20,0,0,0,2,0,0,5,0,0,0,0,17,7,0,1,0,0,3,0,0,1,11,0,0,0,3,3,0,0,0,0,11,0,0,0,0,0,1,1,1,0,0,0,0,0,52,0,0,0,1,0,2,18,0,4,0,0,3,0,1,41,2,5,0,0,2,0,1,0,0,0,0,4,21,0,1,0,0,0,0,0,0,0,0,0
40,0,3,2,0,0,1,1,0,58,0,0,3,0,1,0,0,0,1,8,0,2,1,1,0,0,1,0,0,1,5,7,1,0,2,0,0,0,0,0,0,0,45,0,0,32,0,0,7,0,0,0,0,1,0,0,0,19,0,0,0,6,0,0,1,0,0,0,0,3,5,0,0,0,1,0,4,0,0,0,0,4,0,3,0,2,0,1,0,50,0,0,13,0,0,10,4,6,0,0
0,0,1,0,0,0,2,6,1,0,0,2,0,0,18,0,0,0,2,0,0,0,0,0,0,0,33,16,0,0,0,0,5,0,0,0,6,0,0,0,5,1,0,0,0,0,12,0,0,0,2,0,1,0,0,0,1,0,0,0,50,0,0,0,1,0,1,26,0,0,2,0,2,0,2,36,1,1,0,0,3,0,0,0,0,0,0,6,19,0,0,0,0,3,1,0,0,0,1,0
14,0,8,11,0,1,14,15,4,12,1,0,5,3,2,0,0,0,20,1,0,7,0,1,0,2,0,3,0,1,17,8,3,0,2,0,5,0,0,0,13,9,8,0,0,25,5,0,26,2,2,0,0,2,1,0,0,23,0,0,0,40,0,0,4,0,4,2,0,27,71,1,2,0,21,2,43,1,1,0,16,19,1,1,0,1,1,3,0,14,1,2,62,10,1,16,8,5,0,0
34,0,0,0,0,0,0,0,1,37,0,0,2,1,0,0,0,0,2,1,0,1,0,1,0,0,0,0,0,0,5,7,0,0,1,0,1,0,0,0,0,1,22,0,0,25,0,0,1,0,0,0,0,1,0,0,0,11,0,0,0,3,0,0,0,0,1,0,0,0,6,1,0,0,4,0,3,0,1,0,0,1,0,4,0,0,0,0,0,36,0,0,2,2,0,8,0,2,0,0
0,0,1,1,0,0,0,0,0,0,0,0,3,0,0,0,0,0,0,0,0,0,0,0,0,0,0,0,0,0,1,1,0,1,1,0,0,0,0,0,0,0,0,0,0,0,0,0,0,0,0,0,0,0,0,0,0,1,0,0,0,0,0,0,0,0,0,0,0,0,0,0,0,0,0,0,0,0,0,0,0,0,0,0,0,3,0,0,0,0,0,6,0,0,0,0,0,3,0,0
66,0,0,2,0,0,0,2,2,99,0,0,7,0,0,0,0,0,3,10,0,1,2,0,0,1,0,0,1,1,15,30,0,0,1,0,0,0,0,1,1,1,84,0,0,75,1,0,17,1,0,0,0,1,0,0,0,21,0,0,0,12,0,2,1,0,1,0,0,4,15,1,0,0,11,0,6,0,0,0,3,8,0,12,0,0,1,0,0,67,0,2,15,1,0,22,3,10,0,0
4,0,3,5,0,0,4,5,1,3,0,0,3,1,1,0,1,0,1,1,0,1,0,0,0,1,0,0,0,1,7,2,0,0,2,0,1,0,0,0,6,1,8,0,0,3,0,0,11,1,0,0,0,1,2,1,0,10,0,0,0,9,0,0,1,0,5,1,0,4,23,0,1,0,5,0,17,0,0,0,10,7,1,1,0,0,0,0,0,7,0,1,23,3,1,10,3,3,0,0
6,0,1,4,0,1,2,0,5,0,3,1,87,0,0,0,0,0,2,14,0,2,4,16,1,0,0,0,4,6,32,24,3,5,19,1,0,1,0,2,0,2,2,3,3,0,0,6,22,1,1,4,1,0,4,6,0,22,2,4,0,15,3,2,2,1,5,0,0,0,6,4,0,4,4,0,3,0,0,1,0,14,0,15,3,26,5,2,0,1,0,18,10,4,1,0,16,32,0,0
43,0,0,3,0,0,3,1,0,69,0,0,5,0,0,0,0,0,4,7,0,0,1,1,0,0,0,0,1,0,12,18,0,0,0,0,0,0,0,0,2,0,88,0,0,61,1,0,17,0,0,0,0,1,1,0,0,31,0,0,0,14,0,0,2,0,0,0,0,4,15,0,3,0,5,1,5,0,0,0,3,4,0,9,0,1,0,0,0,62,0,0,22,3,0,21,1,5,0,0
0,0,4,6,0,0,13,17,1,0,0,0,0,0,1,0,0,0,23,0,1,7,0,0,1,0,0,1,0,2,2,0,1,0,0,1,8,0,0,0,17,7,0,0,0,1,4,0,1,0,1,0,0,0,0,0,1,2,0,0,0,3,0,0,2,0,0,3,0,5,3,0,0,0,15,1,13,1,0,0,19,1,1,0,0,0,0,0,0,1,0,0,0,3,1,0,1,0,0,0
0,0,4,0,1,0,6,8,0,0,0,1,1,2,48,0,0,0,4,0,0,9,0,0,0,3,47,38,0,2,0,0,12,0,0,3,18,0,0,0,12,1,0,0,0,0,24,0,0,0,4,0,1,1,0,0,2,0,0,0,107,0,0,0,4,0,1,47,1,0,1,0,9,0,2,61,2,7,0,0,5,0,4,0,0,0,0,4,33,0,0,1,0,1,0,1,0,0,2,0
8,0,0,5,0,0,5,9,3,6,0,0,3,0,1,0,0,0,12,1,0,6,0,1,0,1,0,2,0,1,11,5,3,0,2,0,5,1,0,0,9,8,5,0,0,26,2,0,18,0,0,1,2,1,2,0,0,20,0,0,0,26,0,1,3,0,2,0,0,13,38,0,2,0,12,1,27,1,0,0,7,12,3,1,0,2,0,6,0,9,0,1,38,16,0,12,3,1,0,0
1,0,2,4,0,0,18,14,2,0,0,0,1,2,2,0,0,0,27,0,0,14,0,1,0,0,0,1,0,2,1,1,2,0,0,0,10,0,0,0,15,3,0,0,0,3,10,0,2,0,0,0,0,1,0,0,0,0,0,0,0,3,0,0,3,0,0,0,0,11,5,0,2,0,13,0,17,1,0,0,20,1,4,0,0,1,0,0,0,0,0,0,2,8,0,2,2,0,0,0
5,0,0,3,0,1,1,2,1,2,4,0,70,2,0,0,0,0,0,6,0,0,1,14,0,0,0,0,6,1,17,12,1,3,14,0,0,1,0,0,1,2,1,1,0,4,0,2,11,0,0,1,0,1,5,3,0,11,1,6,0,11,0,1,0,2,1,0,0,1,2,11,0,2,2,0,0,0,0,0,0,14,0,15,1,12,1,0,0,0,0,15,4,1,0,0,10,14,0,0
81,0,1,1,0,0,3,6,1,114,0,0,7,1,1,0,0,0,5,5,0,6,0,0,0,0,0,0,0,1,15,24,0,0,5,0,0,0,0,0,1,1,87,0,0,79,0,0,25,0,0,0,0,2,1,1,0,33,0,0,0,17,0,2,0,0,4,0,0,6,30,1,0,0,5,0,12,0,1,0,2,8,1,12,0,2,1,2,0,99,0,3,23,1,0,28,1,5,0,0
0,0,0,1,0,0,8,10,1,1,0,0,0,1,2,0,0,0,13,0,0,10,0,0,2,0,0,2,0,0,1,0,2,0,0,0,0,0,0,0,5,4,1,0,0,1,0,0,1,0,0,0,0,0,0,1,0,0,0,0,0,1,0,0,2,0,0,3,0,6,3,0,1,0,3,2,4,0,0,0,11,2,1,0,0,0,0,4,1,1,0,1,0,3,3,4,0,0,0,0
6,0,0,1,0,0,1,1,1,1,2,2,63,0,0,0,0,0,1,6,1,0,4,14,0,0,0,0,5,1,12,15,0,0,13,0,0,0,0,1,2,1,2,3,3,0,1,0,8,0,0,2,0,1,2,5,1,14,1,5,0,5,3,2,0,0,0,0,0,1,1,2,0,0,0,0,3,0,0,1,0,15,3,5,1,12,9,0,0,1,0,17,3,2,0,0,11,19,0,3
0,0,2,1,0,0,3,5,0,0,0,1,0,2,28,0,0,0,6,0,0,7,0,0,1,2,26,23,0,3,0,0,6,0,0,0,16,0,0,0,11,1,0,0,0,0,15,0,0,3,4,0,0,2,0,0,0,0,0,0,69,0,0,0,3,0,1,38,0,0,1,0,8,0,2,45,3,2,0,0,2,0,0,0,0,0,0,9,24,0,0,0,1,3,0,1,1,0,1,0
72,0,0,1,0,0,2,0,0,96,0,0,9,1,0,0,0,0,5,9,0,0,0,3,0,0,0,1,0,2,17,18,1,1,3,0,1,0,0,1,1,2,91,0,1,61,1,0,23,0,1,0,0,0,1,0,0,23,0,1,0,14,1,1,2,0,0,0,0,5,13,0,1,0,7,0,6,0,0,0,4,9,0,4,0,0,1,0,0,74,0,3,19,1,1,16,2,16,0,0
3,0,4,13,0,0,28,61,5,2,0,0,0,6,6,0,0,0,77,0,1,43,0,1,0,3,0,8,0,7,5,0,5,0,2,1,24,0,0,0,37,26,1,0,0,3,19,0,3,0,2,0,0,7,3,0,1,0,0,0,2,10,0,0,9,1,5,3,0,30,15,0,5,0,28,4,29,1,0,0,73,9,2,0,0,0,0,9,1,1,0,1,10,13,0,3,2,1,2,0
0,0,7,5,0,0,26,44,2,0,0,0,0,4,5,0,0,0,37,0,0,26,0,0,0,0,0,0,0,3,2,2,5,0,1,1,15,0,1,1,20,8,1,0,0,3,7,0,3,0,1,0,0,5,1,0,1,1,0,0,1,3,0,0,10,0,5,3,0,15,9,0,5,0,18,3,20,0,0,0,46,3,1,0,0,0,0,4,0,0,0,0,11,13,1,1,5,0,0,0
17,0,3,10,0,0,12,14,1,11,1,0,5,3,2,0,0,0,21,1,0,9,0,1,0,0,0,2,0,1,14,5,0,0,4,0,4,0,0,0,4,5,9,0,0,29,2,0,26,0,0,0,0,4,3,0,3,21,0,0,1,39,0,1,5,0,3,1,0,19,68,2,3,0,34,0,27,0,0,0,15,14,3,1,1,1,0,3,2,10,0,3,48,8,3,15,7,2,0,0
1,0,13,13,0,0,42,59,5,0,0,1,1,0,10,0,0,0,72,0,1,48,0,0,0,0,3,9,0,6,3,1,7,0,1,0,24,0,0,0,40,18,0,0,0,2,16,0,5,0,5,0,0,11,4,0,1,2,0,0,2,6,0,0,12,1,5,2,1,34,27,0,3,0,33,2,49,1,0,0,80,6,8,0,0,0,0,8,3,5,0,1,5,20,2,6,4,0,0,0
0,0,4,1,0,0,6,9,4,0,0,0,0,8,64,0,0,0,2,0,0,12,0,0,3,4,65,30,0,0,0,0,9,0,0,3,29,0,0,0,9,6,0,0,0,0,28,0,0,0,3,0,1,7,0,0,0,0,0,0,131,0,0,0,4,0,0,77,1,5,2,0,8,0,4,102,2,7,0,0,5,1,0,0,0,0,0,18,50,0,0,0,0,2,1,0,0,0,1,0
0,1,5,0,0,0,4,9,1,0,0,2,0,2,48,0,0,0,7,0,0,15,0,0,1,1,47,33,0,2,0,0,8,0,0,2,23,0,0,0,10,4,0,0,0,0,26,0,0,1,1,0,1,1,1,0,3,0,0,0,116,1,0,0,7,0,2,77,1,4,1,0,6,0,3,88,5,5,0,0,8,1,1,0,0,0,0,8,42,0,0,0,2,6,1,0,0,0,2,0
14,0,2,5,0,0,1,0,4,9,7,2,137,4,0,0,0,0,0,19,4,3,6,23,2,0,0,0,9,5,33,25,0,4,36,0,0,1,1,3,0,0,2,4,8,6,0,6,31,0,1,2,0,3,4,7,1,27,3,11,0,22,2,2,1,3,8,0,0,0,7,2,2,0,6,0,7,0,3,0,1,33,2,22,11,22,10,0,0,1,0,39,17,9,3,0,26,48,0,4
2,0,0,2,0,0,0,0,2,0,3,0,10,0,0,0,0,0,0,1,0,0,6,26,0,1,0,0,3,1,3,3,0,3,12,0,0,0,0,0,0,1,0,1,7,0,0,1,1,0,1,0,0,2,2,6,0,1,1,8,0,2,2,1,1,3,1,0,0,0,0,1,0,0,2,0,0,0,1,0,1,4,0,2,5,20,12,0,0,1,2,13,4,0,1,0,4,3,0,0
8,0,3,4,0,0,11,9,1,7,0,0,0,2,2,0,0,0,10,2,0,3,0,1,0,0,0,1,0,1,18,1,1,0,1,0,1,0,0,0,4,4,3,0,0,9,1,0,19,0,0,0,0,2,0,1,0,9,0,0,1,23,0,1,6,0,5,0,0,9,29,1,2,0,15,0,15,0,1,0,11,7,0,0,0,0,0,1,1,6,0,0,26,4,0,8,3,2,0,0
1,0,4,1,1,0,13,26,2,0,0,0,0,2,4,0,1,0,23,0,0,16,0,1,0,0,1,0,0,1,2,0,2,0,2,1,6,0,0,0,15,7,0,0,0,0,8,0,0,0,2,0,0,1,0,0,0,1,0,0,1,5,0,0,3,0,1,1,0,11,4,0,4,0,10,0,11,1,0,0,29,2,3,0,0,0,0,2,2,0,0,0,2,7,1,2,0,0,0,0
1,0,1,2,0,2,0,1,5,2,15,2,34,0,1,0,0,0,0,5,1,0,10,37,2,1,0,0,4,7,4,4,0,9,33,0,1,2,0,3,0,2,0,5,10,2,1,5,4,4,0,0,0,3,3,10,0,7,1,10,0,3,11,20,3,5,5,0,0,1,1,8,0,4,0,0,3,0,4,3,1,10,0,5,13,54,19,0,0,1,0,32,3,1,2,0,17,12,0,2
0,0,0,1,0,0,0,0,0,0,0,0,0,1,2,0,0,0,0,0,0,4,0,0,0,0,3,3,0,0,0,0,3,0,0,0,0,0,0,0,1,0,0,0,0,0,3,0,0,0,0,0,0,0,0,0,0,0,0,0,11,0,0,0,1,0,0,5,0,1,1,0,1,0,0,5,0,3,0,0,2,1,1,0,0,0,0,2,4,0,0,0,1,0,0,0,0,0,0,0
87,0,3,2,0,0,3,3,2,111,0,0,6,1,0,0,0,0,11,12,0,4,0,0,1,0,0,0,0,0,18,28,0,0,2,0,1,0,0,0,2,1,94,0,0,75,0,1,20,0,0,0,0,4,0,0,0,45,0,1,0,25,0,0,6,0,1,0,0,10,21,0,0,0,5,0,9,0,0,0,1,11,1,8,1,0,0,0,0,102,0,3,20,3,0,20,6,16,0,1
3,0,9,7,0,0,36,65,8,2,0,2,2,4,10,0,1,0,74,0,0,42,0,0,0,2,1,6,0,4,6,1,6,0,2,1,21,0,0,0,45,12,1,0,0,2,17,0,5,0,2,0,0,8,6,0,0,2,0,0,1,11,0,1,8,0,10,3,0,22,14,0,9,0,37,1,33,0,0,0,65,10,4,0,0,0,0,8,3,0,0,1,9,22,1,3,5,1,0,0
16,0,3,11,0,0,17,15,4,20,0,2,4,4,3,0,1,0,31,2,0,9,1,2,2,2,0,2,0,1,32,7,3,0,7,0,2,0,0,0,7,14,13,0,0,40,4,0,41,0,0,0,0,5,0,1,0,32,0,1,1,36,0,0,4,0,5,1,0,26,103,0,2,0,36,0,69,0,0,0,16,17,2,2,0,2,1,5,0,15,0,3,80,22,0,17,14,7,0,0
72,0,3,1,0,1,2,1,0,91,0,0,1,2,0,0,0,0,2,9,1,1,0,0,0,0,0,0,1,1,14,19,0,1,3,0,0,1,0,0,0,3,93,0,1,57,1,0,21,0,0,0,0,0,0,0,0,33,0,0,0,18,0,1,1,0,3,0,0,5,8,0,1,0,2,0,9,1,0,0,1,4,3,9,1,2,0,1,0,69,0,0,19,0,0,23,5,18,0,0
31,0,0,1,0,0,1,0,0,45,1,0,6,0,0,0,0,0,0,3,0,0,0,1,0,0,0,0,0,0,8,14,0,0,1,0,1,0,0,0,2,2,37,0,0,38,0,0,8,0,0,0,1,1,0,0,0,12,0,0,0,7,0,1,0,0,0,0,0,2,7,0,0,0,1,0,2,0,0,0,0,2,0,2,0,1,0,0,0,36,0,1,11,0,1,10,2,3,0,0
51,0,0,2,0,0,2,1,0,64,0,0,9,0,0,0,0,0,3,3,0,1,0,3,0,0,0,0,1,0,14,16,0,0,1,0,0,0,0,0,1,1,56,0,2,44,0,0,17,0,0,0,0,1,0,2,0,25,1,0,0,11,0,1,0,0,0,1,0,5,12,0,0,0,2,0,3,1,0,0,2,13,1,10,0,0,0,1,0,56,0,4,11,3,0,15,2,9,0,0
0,0,1,1,0,0,9,8,1,1,0,1,0,4,15,0,0,0,2,0,0,4,0,0,0,1,18,19,0,0,0,0,3,0,0,1,7,0,0,0,7,3,1,0,0,0,13,0,0,0,2,0,1,0,0,0,1,0,0,0,41,0,0,0,4,0,0,34,0,1,1,0,8,0,4,42,3,1,0,0,4,0,0,0,0,0,0,2,16,0,0,0,0,2,1,0,0,0,0,0
4,0,0,0,0,0,0,1,0,6,0,0,1,0,0,0,0,0,0,0,0,0,0,0,0,0,0,0,0,0,1,0,0,0,0,0,0,0,0,0,0,0,3,0,0,3,0,0,1,0,0,0,0,1,0,0,0,1,0,0,0,0,0,0,0,0,0,0,0,0,0,0,0,0,0,0,0,0,0,0,1,1,0,0,0,1,0,0,0,4,0,0,0,0,0,3,0,1,0,0
4,0,0,0,0,0,0,0,0,5,0,0,0,0,0,0,0,0,0,0,0,0,0,0,0,0,0,0,0,0,0,0,0,0,0,0,0,0,0,0,0,0,3,0,0,2,0,0,0,0,0,0,0,0,0,0,0,0,0,1,0,0,0,0,0,0,0,1,0,1,0,0,0,0,0,0,0,0,0,0,0,1,0,1,0,0,0,0,0,5,0,0,1,1,0,1,0,0,0,0
3,0,0,1,0,0,0,0,3,0,1,0,20,1,0,0,0,0,0,2,1,0,1,0,0,1,0,1,2,0,7,5,0,0,1,0,0,0,0,0,0,0,0,0,1,0,0,0,6,0,0,0,0,0,3,1,0,9,0,1,0,1,0,2,1,0,1,0,0,0,1,2,1,0,1,0,1,0,0,0,0,5,0,3,0,5,2,1,0,1,0,5,2,1,0,0,5,8,0,0
8,0,0,2,0,0,1,2,0,2,0,0,2,0,1,0,0,0,3,1,0,7,0,0,0,0,0,0,0,0,2,0,0,0,0,0,0,0,0,0,4,1,2,0,0,3,1,0,2,0,1,0,0,0,2,0,0,3,0,0,0,5,0,0,1,0,2,0,0,6,10,0,0,0,2,0,9,0,0,0,6,3,1,0,0,0,0,0,1,0,1,1,8,1,1,1,0,0,0,0
7,0,5,5,0,0,10,3,1,1,0,0,2,2,1,0,0,0,4,0,1,7,0,0,0,1,0,0,0,0,11,3,1,0,0,0,3,0,0,0,9,8,9,0,1,10,2,0,19,0,0,0,0,0,1,0,0,14,1,0,0,20,0,2,2,0,2,0,0,11,55,1,1,0,20,0,25,0,0,0,5,5,0,0,0,1,0,0,1,4,0,2,34,6,1,11,2,2,0,0
0,0,10,1,0,0,8,20,3,0,0,0,0,6,54,0,0,0,8,0,0,17,0,0,2,5,62,39,0,5,1,0,13,0,1,3,26,0,0,0,21,8,0,0,0,0,41,0,0,1,4,1,4,7,5,0,0,1,0,0,144,1,0,0,5,0,3,97,0,3,3,0,18,0,1,109,1,8,0,0,9,2,4,0,0,0,0,22,55,1,1,0,0,6,2,2,1,0,0,0
17,0,0,3,0,0,0,1,0,21,0,0,1,0,0,0,0,0,1,2,0,0,0,1,0,0,0,0,1,0,8,4,0,0,2,0,0,0,0,0,0,0,12,0,0,16,0,0,2,0,0,0,0,0,0,0,0,4,0,0,0,2,0,0,2,0,1,0,0,1,3,0,0,0,3,0,0,0,0,0,0,3,0,0,0,0,0,0,0,11,0,0,2,0,0,2,0,0,0,0
1,0,6,8,0,0,34,52,3,1,0,0,0,3,10,0,0,0,53,0,0,37,0,0,2,0,2,3,0,4,5,0,5,0,1,0,18,0,0,0,23,19,1,0,0,2,25,0,4,0,3,0,0,7,0,0,0,2,0,0,0,11,0,0,11,0,5,2,0,24,13,0,6,0,26,0,37,0,1,0,61,7,1,0,0,1,0,10,1,0,0,1,11,18,1,2,2,0,0,0
1,0,5,7,0,0,15,25,0,1,0,0,1,4,6,0,0,0,26,0,0,15,0,0,0,1,0,3,0,2,0,0,4,0,0,0,10,0,0,0,22,5,0,0,0,4,3,0,1,0,2,0,0,0,2,0,0,2,0,0,0,2,0,0,4,0,2,2,0,12,7,0,2,0,14,1,26,0,0,0,26,0,0,1,0,0,0,2,1,0,0,0,3,4,0,3,0,0,1,0
72,0,0,4,0,0,4,4,0,98,1,0,13,1,0,0,0,0,4,5,1,0,0,2,1,0,0,0,1,0,18,28,0,0,2,0,1,0,0,0,0,4,104,0,0,82,0,0,21,0,0,0,0,2,0,0,0,29,0,0,0,16,2,1,1,0,1,0,0,7,23,0,0,0,4,0,6,0,0,0,4,6,1,15,0,4,0,0,0,96,0,8,22,4,0,27,5,8,0,0
94,0,4,2,0,0,6,3,2,127,0,0,12,0,0,0,0,0,5,7,1,3,0,2,0,0,0,0,1,2,10,31,1,0,3,0,1,0,0,0,2,1,100,0,0,100,0,1,24,0,0,0,0,0,2,0,0,44,0,1,0,12,0,0,1,1,2,0,0,11,21,0,1,0,4,0,12,0,0,0,2,11,0,6,0,2,1,0,0,111,0,2,22,4,0,20,1,13,1,1
10,0,3,7,0,2,1,1,9,6,7,0,141,1,0,0,0,0,1,12,2,1,5,21,0,0,0,1,10,3,42,30,1,4,26,2,0,0,0,1,4,4,2,1,5,1,0,7,26,0,0,0,0,3,9,6,1,34,4,6,0,20,4,8,3,2,5,0,0,2,3,2,2,1,5,0,3,0,0,2,2,22,2,16,6,27,10,0,0,0,2,44,12,4,1,2,29,34,0,5
11,0,4,10,0,0,13,16,5,4,0,0,3,2,2,0,0,0,21,1,1,5,0,0,1,1,0,1,0,2,18,2,0,0,2,0,4,0,0,0,8,8,10,0,1,20,1,1,21,0,0,1,1,2,3,0,0,27,1,0,1,29,0,0,5,0,6,2,1,18,74,0,0,0,23,0,44,0,0,0,16,13,1,1,0,1,0,4,0,13,0,3,56,14,1,18,6,3,1,0
0,0,7,13,0,0,25,35,4,2,0,0,0,2,2,0,0,0,62,0,0,28,0,0,1,0,1,6,0,4,5,2,4,0,0,2,13,0,0,0,22,11,1,0,0,1,19,0,7,0,0,0,0,9,0,0,1,2,0,0,2,5,0,0,5,0,4,4,0,19,14,0,6,0,20,1,26,2,0,0,51,0,0,0,0,0,0,2,0,1,1,0,11,21,1,3,1,0,0,0
0,0,0,1,0,1,1,0,0,0,1,0,0,0,0,0,0,1,1,0,0,0,0,4,0,0,0,0,2,1,2,1,0,3,3,0,0,0,0,0,0,0,0,0,2,0,0,0,1,0,0,1,0,0,0,0,0,0,0,0,0,1,1,2,0,0,1,0,0,0,0,0,1,1,0,0,0,0,0,0,0,0,0,0,0,7,3,0,0,0,0,3,0,0,1,0,0,1,0,1
2,0,0,1,0,0,0,0,1,0,6,1,14,0,0,0,0,0,0,2,0,0,2,5,0,0,0,0,1,1,2,2,0,1,6,0,0,0,0,0,0,1,0,0,2,1,0,0,5,0,0,0,0,0,3,0,0,4,0,1,0,4,0,0,0,1,0,0,0,0,1,0,0,0,0,0,1,0,0,0,0,7,0,6,0,2,0,0,0,0,0,2,1,0,0,0,2,4,0,0
0,0,0,1,0,0,0,0,0,0,3,0,15,0,0,0,0,0,2,1,0,0,0,1,0,0,0,0,0,2,2,3,0,1,1,0,0,0,0,0,0,0,1,0,1,0,0,1,4,0,0,0,0,0,0,2,0,2,0,0,0,0,1,0,0,0,1,0,0,0,0,0,0,0,0,0,0,0,1,0,0,2,1,0,1,2,1,0,0,0,0,4,2,0,0,0,1,3,0,0
0,0,0,0,0,0,0,0,2,0,0,0,0,0,2,0,0,0,0,0,0,0,0,0,0,0,4,4,0,0,0,0,0,0,0,0,1,0,0,0,2,0,0,0,0,0,1,0,0,0,0,0,0,0,0,0,1,0,0,0,5,0,0,0,0,0,0,5,0,0,0,0,0,0,0,9,0,1,0,0,0,0,0,0,0,0,0,0,1,0,0,0,0,0,0,0,0,0,2,0
0,0,7,4,0,0,3,9,1,0,0,2,0,3,46,0,1,0,6,0,1,12,0,0,1,2,66,37,0,3,1,0,8,0,0,1,38,0,0,0,7,5,0,0,0,0,35,0,0,0,5,0,1,1,2,0,3,0,0,0,133,1,0,0,4,0,1,99,0,3,0,0,8,0,1,78,4,18,0,0,11,0,5,0,0,0,0,12,66,0,0,0,1,4,0,2,0,0,3,0
0,0,2,3,0,0,7,12,3,0,0,0,0,4,54,0,1,0,5,0,0,17,0,0,1,4,78,38,0,3,0,0,12,0,0,2,42,0,0,0,22,7,0,0,0,0,36,0,0,1,8,0,3,6,1,0,1,1,0,0,142,3,0,0,5,0,3,111,0,5,0,0,12,0,3,119,3,9,0,0,10,0,0,0,0,0,0,15,59,0,0,1,0,6,1,0,0,0,1,0
2,0,4,10,0,0,1,0,5,0,25,1,40,0,0,0,0,0,2,4,4,0,15,80,2,1,0,1,13,2,17,5,3,13,34,0,0,0,0,6,1,1,1,6,11,2,0,12,15,0,0,3,0,2,5,17,1,9,7,12,0,10,11,18,4,5,4,0,0,0,0,15,1,1,1,0,0,0,5,8,1,13,3,7,18,76,15,0,1,0,0,47,4,2,1,0,19,15,1,3
0,0,1,1,0,0,1,6,0,0,0,0,0,2,18,0,0,0,3,0,0,1,0,0,0,0,27,16,0,1,0,0,2,0,0,1,8,0,0,0,4,1,0,0,0,0,18,0,0,0,2,0,0,7,1,0,0,0,0,0,46,0,0,0,4,0,2,34,0,0,2,0,3,0,0,32,0,2,0,0,3,0,1,0,0,0,0,0,8,1,0,0,0,1,1,0,1,0,1,0
0,0,0,1,0,0,0,7,1,0,0,1,0,1,19,0,1,0,0,0,0,3,0,0,0,2,18,23,0,3,0,0,5,0,0,0,12,0,0,0,8,3,0,0,0,0,16,0,0,0,1,0,2,1,0,0,1,0,0,0,48,0,0,0,2,0,0,26,0,1,1,0,3,0,2,34,1,2,0,0,4,0,3,0,0,0,0,6,18,0,0,0,1,1,1,1,0,0,0,0
91,0,1,4,0,0,4,1,2,106,0,0,14,0,0,0,0,0,6,7,0,2,0,4,0,0,0,0,1,3,24,26,0,0,4,0,3,0,0,1,2,1,106,0,0,90,0,2,21,0,0,0,1,3,2,1,0,36,0,0,1,19,0,0,1,0,1,0,0,6,21,1,0,0,5,0,17,0,0,0,8,8,0,9,0,1,0,0,0,89,0,2,22,3,0,26,2,8,0,0
1,1,5,16,0,0,23,31,2,1,0,0,1,1,6,0,0,0,57,0,0,30,0,1,2,1,1,5,0,2,2,1,5,0,0,0,14,0,0,1,36,8,3,0,0,0,9,0,4,0,0,0,0,8,0,0,2,3,0,0,1,7,0,0,5,0,7,5,0,17,11,0,5,0,19,2,38,3,0,0,44,1,3,0,0,0,0,2,2,0,0,0,8,15,0,2,3,0,0,0
83,0,0,2,0,0,3,3,3,120,0,0,10,1,1,0,0,0,5,14,0,2,1,1,0,0,0,0,0,1,10,33,1,1,0,0,0,0,0,0,1,2,112,0,0,93,0,2,27,0,0,0,0,2,1,1,1,37,0,0,0,13,0,0,0,0,1,0,0,7,19,1,1,0,6,1,7,0,0,0,6,8,1,7,0,2,0,0,1,88,0,4,22,3,1,31,2,21,0,0
10,0,3,9,0,0,14,14,3,11,1,0,2,4,2,0,0,0,27,3,0,11,0,1,1,0,0,1,0,2,21,4,1,0,5,0,7,0,0,0,6,7,8,0,0,32,5,0,23,0,1,0,0,1,6,0,2,17,0,2,0,41,0,0,5,1,2,2,0,28,69,0,2,0,36,0,45,0,0,0,19,16,1,5,0,1,0,0,0,6,1,3,57,15,1,21,7,1,0,0
57,0,2,1,0,0,3,2,2,81,0,0,4,0,2,0,0,0,1,14,0,3,0,3,1,0,0,0,0,1,12,20,1,1,1,0,0,0,0,0,1,3,94,0,0,56,0,0,13,0,0,0,0,0,0,0,0,34,0,1,0,15,0,0,1,0,2,0,0,2,12,0,1,0,4,1,10,1,0,0,2,6,0,9,1,2,1,1,0,71,0,3,14,1,0,22,3,15,0,1
0,0,0,0,0,0,0,0,0,0,0,0,0,0,0,0,0,0,0,0,0,0,0,0,0,0,0,0,0,0,0,0,0,0,0,0,0,0,0,0,0,0,0,0,0,0,0,0,0,0,0,0,0,0,0,0,0,0,0,0,0,0,0,0,0,0,0,0,0,0,0,0,0,0,0,0,0,0,0,0,0,0,0,0,0,0,0,0,0,0,0,0,0,1,0,0,0,0,0,0
0,0,2,0,0,1,8,11,0,1,0,1,0,4,35,0,0,0,3,0,0,7,0,0,0,1,24,14,0,2,0,0,2,0,0,1,18,0,0,0,6,2,0,0,0,0,15,0,0,0,2,0,0,4,1,0,1,0,0,0,80,0,0,0,5,0,1,44,0,3,1,0,6,0,1,45,2,5,0,0,1,0,0,0,0,0,0,7,28,0,0,0,0,4,2,1,0,0,0,0
0,0,4,3,0,0,11,10,0,0,0,1,0,2,46,0,0,0,7,0,0,4,0,1,0,2,52,29,0,2,0,0,9,0,0,2,26,0,0,0,11,7,0,0,0,1,25,0,0,0,2,0,3,6,1,0,1,1,0,0,111,1,0,0,5,0,1,77,1,4,1,0,12,0,1,80,11,6,0,0,7,0,1,0,0,0,0,7,47,0,0,0,1,3,0,0,1,0,1,0
10,0,5,8,0,0,9,6,0,10,1,0,2,0,2,1,0,0,17,2,0,10,0,2,0,0,0,0,0,1,9,5,1,0,4,0,0,0,0,0,7,5,9,0,0,21,3,0,22,0,1,0,0,3,0,0,1,16,0,0,0,22,0,0,7,1,5,1,0,18,57,0,0,0,18,0,21,0,0,0,10,9,1,1,0,1,0,2,0,7,0,2,34,13,0,6,4,0,0,0
0,0,3,7,0,0,17,13,3,0,0,3,0,5,56,0,0,0,5,0,0,10,0,0,1,1,65,60,0,3,1,0,15,0,0,4,40,0,0,0,19,8,0,0,0,0,43,0,2,1,5,0,0,5,0,0,4,0,0,0,154,0,0,0,2,0,2,94,0,5,0,0,21,0,1,97,2,10,0,1,14,2,2,0,0,0,0,19,54,0,0,1,1,5,2,1,1,0,2,0
0,0,0,0,0,0,0,0,0,0,1,0,4,0,0,0,0,0,0,1,0,0,0,6,0,0,0,0,2,0,0,1,0,1,3,0,0,0,0,0,0,0,0,1,0,0,0,1,0,0,0,0,0,0,0,0,0,0,1,2,0,0,1,0,0,0,0,0,0,0,0,1,0,0,0,0,0,0,0,0,0,3,0,0,0,5,0,0,0,0,0,9,0,0,0,0,0,1,1,0
1,1,4,1,0,0,12,17,1,0,0,0,0,6,7,0,0,0,31,0,0,12,0,0,0,0,1,2,0,1,4,0,2,0,0,1,5,0,0,0,11,6,0,0,0,2,9,0,2,0,0,0,0,0,2,0,1,3,0,0,1,2,0,0,0,0,0,1,0,4,5,0,0,0,14,0,19,0,0,0,19,0,0,0,0,0,1,6,1,2,0,0,4,7,1,1,0,0,0,0
4,0,1,4,0,0,5,3,1,3,0,0,3,0,3,0,0,0,9,1,0,0,1,0,1,0,0,0,0,1,9,1,1,0,2,0,2,0,0,0,1,3,4,0,0,8,0,0,9,0,0,0,0,1,3,0,0,8,0,0,1,19,0,0,5,0,2,0,0,3,29,0,0,0,8,0,22,1,0,0,9,10,0,0,0,0,0,1,0,6,0,2,32,4,3,7,2,0,0,0
49,0,0,2,0,0,2,2,2,88,1,0,2,1,1,0,0,0,3,5,0,3,0,2,0,1,0,1,0,1,11,14,1,1,1,0,1,0,0,0,1,0,85,0,1,52,2,0,21,0,0,0,0,1,0,2,0,29,0,1,0,9,0,0,3,0,1,0,0,4,9,0,0,0,2,1,4,0,0,0,0,4,0,5,1,1,0,0,0,53,0,1,13,5,2,17,2,9,0,0
65,0,0,2,0,0,5,4,0,75,0,1,7,0,0,0,0,0,3,11,0,2,1,1,0,0,0,0,1,0,9,24,0,0,1,0,0,0,0,1,1,0,87,0,0,56,1,0,19,0,0,0,0,2,1,0,0,28,0,0,0,10,0,0,2,0,2,0,0,0,19,0,0,0,5,1,4,0,0,0,0,4,0,10,0,1,1,0,0,73,0,3,17,0,0,17,3,14,0,0
20,0,0,0,0,0,2,0,0,33,0,0,1,0,0,0,0,0,2,2,0,1,0,1,0,1,0,1,0,1,2,2,0,0,1,0,0,0,0,0,1,0,21,0,0,25,0,0,4,0,0,0,0,0,0,0,0,8,0,0,0,4,0,0,0,0,0,0,0,2,6,0,0,0,1,0,2,0,0,0,1,1,1,2,0,2,0,0,0,28,0,0,9,0,1,2,0,2,0,0
7,0,3,5,0,1,0,0,6,0,25,0,49,4,0,1,2,0,0,5,3,1,14,71,1,0,0,1,13,6,11,5,0,13,35,0,0,4,0,4,2,1,2,6,10,0,0,8,5,0,2,2,0,1,5,16,0,5,2,10,0,3,4,15,2,8,5,0,1,1,0,12,1,3,0,0,2,0,3,3,0,16,4,4,17,78,22,0,0,1,2,41,0,4,2,1,16,21,0,3
0,0,2,3,0,0,14,6,0,0,0,0,0,0,1,0,0,0,10,0,0,8,0,0,0,0,0,4,0,0,1,0,0,0,0,0,4,0,0,0,6,2,0,0,0,1,2,0,0,0,2,0,0,0,0,0,0,0,0,0,0,1,0,0,3,0,2,0,0,7,4,0,0,0,5,0,9,0,0,0,15,1,0,0,0,0,0,3,2,1,1,0,0,3,0,0,0,0,0,0
3,0,0,3,0,0,0,0,2,2,1,0,56,2,0,0,0,0,1,8,0,0,4,7,0,0,0,0,2,2,11,15,0,3,13,1,1,0,0,1,0,2,4,1,1,1,0,2,15,0,0,0,0,1,1,4,1,5,0,3,0,8,1,2,4,0,3,0,0,0,8,3,0,1,3,0,2,0,2,0,0,8,0,9,0,13,9,0,0,1,0,15,8,2,0,0,20,23,0,1
19,0,4,9,0,2,2,1,3,4,8,1,192,1,0,0,1,1,1,19,5,0,8,39,2,2,0,0,8,3,35,31,1,3,45,0,0,1,0,4,1,4,1,2,4,4,0,9,41,0,0,1,1,3,1,8,1,29,1,12,0,24,3,8,1,3,7,0,0,1,5,7,0,2,7,0,5,0,2,3,0,22,1,14,2,33,17,1,0,0,0,48,7,2,3,0,24,48,0,3
0,0,0,0,0,0,0,0,0,1,5,0,3,0,0,0,1,0,0,0,0,0,5,11,1,0,0,0,3,0,1,2,0,3,7,0,0,0,0,1,0,0,0,0,2,0,0,1,1,0,0,1,0,0,0,2,0,2,2,3,0,2,1,6,0,0,0,0,0,0,0,1,0,2,0,0,0,0,1,0,0,2,0,2,5,4,2,0,0,0,1,6,1,0,0,0,4,1,0,1
2,0,0,0,0,0,0,0,0,5,0,0,1,1,0,0,0,0,3,0,0,1,0,0,0,0,0,0,0,0,0,1,0,0,1,0,1,0,0,0,0,2,6,0,0,4,0,0,2,0,0,0,0,0,0,0,0,2,0,0,0,1,0,0,0,0,0,0,0,0,1,0,0,0,2,0,0,0,0,0,0,0,0,0,0,0,0,0,0,3,0,0,0,0,0,1,0,1,0,0
60,0,2,3,0,0,2,2,3,72,0,0,6,0,0,0,0,0,8,3,1,3,0,0,0,0,0,1,0,3,13,15,1,0,1,0,1,0,0,0,2,0,66,0,0,61,0,0,24,0,0,0,0,0,0,1,0,19,0,0,0,12,0,1,4,0,1,0,0,7,6,1,1,0,5,0,9,0,0,0,4,4,0,6,0,2,0,1,0,64,0,1,20,1,1,18,4,10,0,0
67,0,0,2,1,0,4,3,2,105,1,0,2,1,0,0,0,0,4,14,0,0,0,1,0,0,0,0,1,3,12,28,0,1,4,0,5,0,0,0,0,4,104,0,0,96,1,2,22,0,0,0,0,1,0,0,0,41,0,1,0,16,0,0,1,0,3,0,0,10,20,2,0,0,4,0,9,1,0,0,4,9,0,18,0,3,2,1,0,95,0,2,22,2,0,17,10,14,0,1
0,0,1,0,0,0,0,1,0,0,0,0,0,2,7,0,0,0,0,0,0,1,0,0,0,0,8,5,0,0,0,0,0,0,0,0,3,0,0,0,0,0,0,0,0,0,4,0,0,0,0,0,0,1,0,0,1,0,0,0,18,0,0,0,1,0,0,10,0,0,1,0,1,0,0,12,0,0,0,0,0,0,0,0,0,0,0,2,6,0,0,0,0,1,0,0,0,0,1,0
1,0,5,4,0,0,25,38,2,1,0,0,0,6,8,0,0,0,48,0,0,30,0,1,0,0,3,5,0,4,1,1,4,0,1,1,10,0,0,0,15,8,0,0,0,1,3,0,4,0,0,0,0,2,2,0,1,0,0,0,2,12,0,0,8,0,4,1,0,24,11,0,5,0,16,7,20,0,0,0,36,2,3,0,0,0,0,1,4,0,1,1,8,8,1,2,2,0,1,0
2,0,2,5,0,2,0,1,7,0,16,1,49,3,0,0,0,1,2,9,2,1,16,76,4,0,0,0,19,4,16,5,1,15,54,0,1,2,0,8,1,1,0,7,20,0,0,10,13,3,2,2,1,0,5,18,1,14,6,12,0,15,9,22,1,5,4,0,1,1,5,21,2,6,0,0,3,0,5,2,2,23,2,11,16,97,30,0,0,3,2,83,7,5,3,0,19,20,0,5
2,0,2,5,0,0,3,2,1,3,0,0,0,1,0,0,0,0,3,2,0,5,0,0,0,0,0,1,1,1,4,1,0,0,2,0,1,0,0,0,3,6,2,0,0,6,1,0,6,0,0,0,0,2,0,0,0,5,0,0,0,7,0,0,2,0,0,0,0,8,11,0,1,0,6,0,10,0,0,0,0,4,0,0,0,0,0,0,0,3,0,0,19,3,1,6,1,0,0,0
14,0,4,12,0,0,1,3,5,2,8,1,143,1,0,1,3,0,2,14,1,3,7,24,1,1,0,2,8,3,37,39,0,3,37,1,1,1,0,4,2,2,5,3,7,6,0,6,30,1,0,0,0,3,6,4,1,39,1,15,0,17,3,12,2,2,3,0,1,1,8,10,1,1,5,0,6,0,3,2,0,26,1,18,9,29,10,1,0,6,1,49,13,8,1,2,22,41,0,1
54,0,2,2,0,0,5,3,3,95,0,0,6,0,2,0,0,0,2,9,0,1,0,1,0,0,0,0,1,1,10,18,0,0,4,0,0,0,0,0,1,1,77,0,0,77,0,0,19,0,1,0,0,0,0,0,0,33,0,0,0,17,0,0,1,0,1,1,0,7,17,1,0,0,11,0,4,0,0,0,4,8,0,12,1,0,0,1,0,81,0,3,15,2,0,26,3,9,0,0
1,0,11,13,0,0,37,72,1,2,1,0,1,4,13,0,0,0,83,0,0,37,0,0,1,3,1,10,0,7,7,0,11,0,0,1,16,0,0,0,35,14,0,0,0,5,13,0,4,0,2,0,1,8,3,0,1,0,0,0,2,8,0,0,11,0,10,10,2,32,16,0,14,0,41,2,41,0,0,0,64,3,5,0,0,0,0,5,4,3,1,0,7,18,1,4,6,0,0,0
0,0,0,0,0,0,0,0,0,0,0,0,0,0,0,0,0,0,0,0,0,0,0,0,0,0,0,0,0,0,0,0,0,0,0,0,0,0,0,0,0,0,0,0,0,0,0,0,0,0,0,0,0,0,1,0,0,0,0,0,0,0,0,0,0,0,0,0,0,0,0,0,0,0,0,0,0,0,0,0,0,0,0,0,0,0,0,0,0,0,0,0,0,0,0,0,0,0,0,0
3,0,7,14,0,0,51,59,3,2,0,1,1,4,12,0,0,0,76,0,0,37,0,0,0,1,2,9,0,4,4,0,9,0,0,1,20,0,0,0,52,14,0,1,0,5,13,0,5,1,2,1,0,12,0,0,2,7,0,0,1,9,0,1,18,1,7,5,0,32,19,0,11,0,38,4,41,1,0,0,83,3,2,0,0,0,0,8,5,5,0,0,14,15,2,6,7,0,1,0
3,0,1,7,0,1,0,2,7,1,17,1,34,3,0,2,2,0,0,9,4,1,18,64,4,1,0,0,10,3,10,12,0,11,34,2,0,0,0,4,0,1,1,8,13,1,1,8,9,2,0,2,1,1,3,22,1,5,5,12,0,4,10,28,1,2,4,0,0,1,5,13,1,1,1,0,3,0,3,3,1,14,1,10,16,83,21,2,1,0,2,57,5,2,1,0,20,13,0,8
4,1,1,5,0,0,9,11,4,6,0,0,0,2,0,0,0,0,15,1,0,2,0,1,1,2,1,3,0,3,16,3,3,0,3,0,4,0,0,0,4,5,7,0,0,14,1,0,22,0,0,0,0,1,1,0,1,14,0,0,0,20,0,0,7,0,2,0,0,13,43,0,1,0,7,0,22,0,0,0,2,9,1,0,0,0,0,0,0,6,0,2,27,11,0,8,2,1,0,0
16,0,2,14,0,0,23,15,8,14,0,0,6,8,2,0,0,0,24,1,0,16,0,2,0,0,0,0,0,2,18,5,2,0,5,0,3,0,0,0,13,5,14,1,1,27,3,0,31,0,1,0,0,3,6,1,0,33,1,0,2,49,1,1,5,1,10,2,0,31,94,1,7,0,30,1,62,0,0,0,31,24,2,6,0,5,0,1,1,13,0,6,83,17,2,20,10,3,0,0
0,0,1,2,0,0,13,22,2,0,0,0,0,2,4,0,0,0,38,0,0,13,0,0,1,0,2,0,0,0,2,0,4,0,0,0,9,0,0,0,17,9,0,0,0,2,10,0,2,1,1,1,0,6,3,0,0,3,0,0,1,1,0,0,5,0,3,0,0,10,8,0,2,0,11,2,19,2,0,0,26,3,1,0,0,0,0,1,1,4,0,1,4,4,1,0,0,0,1,0
5,0,0,5,0,0,4,8,0,1,0,0,1,1,0,0,0,0,9,0,1,10,0,0,0,0,1,0,0,0,9,2,2,0,2,0,1,0,0,0,3,4,0,1,0,11,2,0,14,0,1,0,0,3,0,0,2,13,1,0,1,21,0,0,4,0,3,1,0,8,35,1,1,0,7,0,18,0,0,0,7,4,0,0,0,2,0,0,0,6,0,1,24,4,0,4,4,3,0,0
9,0,2,11,0,0,0,3,5,0,9,0,128,2,0,0,2,0,3,16,3,1,4,32,0,1,0,0,9,1,36,33,0,5,35,0,0,0,0,3,1,4,3,1,6,5,1,6,18,0,2,4,0,2,8,8,1,30,2,6,0,18,5,9,3,2,6,0,0,0,11,11,0,1,3,0,5,0,1,2,0,27,1,21,12,34,11,0,0,0,0,37,9,2,1,2,29,37,0,0
4,0,2,7,0,0,5,3,1,7,0,0,4,2,0,0,0,0,9,0,1,3,0,0,0,0,0,2,0,0,11,1,0,0,3,0,1,0,0,0,3,6,8,0,0,8,1,0,6,0,1,0,0,1,0,0,0,2,0,0,0,17,0,0,1,0,2,0,0,12,20,0,1,0,7,1,15,0,0,0,3,4,1,1,0,1,0,2,1,4,0,3,30,6,0,4,1,2,0,0
1,0,0,3,1,2,0,1,3,3,12,0,18,2,0,0,0,0,0,2,1,0,6,37,1,1,0,3,3,1,2,6,0,6,13,0,1,1,0,8,0,1,0,4,8,0,0,6,2,0,0,0,0,2,6,7,0,0,3,6,0,6,3,9,0,1,5,0,0,0,2,5,0,2,1,0,1,0,2,1,1,9,3,1,6,40,15,1,0,0,1,25,6,2,3,0,16,5,0,2
1,0,1,1,0,0,1,1,0,1,0,0,1,0,0,0,0,0,8,0,0,2,0,0,0,0,0,0,0,0,2,2,0,0,1,0,0,0,0,0,1,2,0,0,0,2,0,0,2,0,0,0,0,1,0,0,0,6,0,0,0,7,0,0,1,0,0,0,0,3,7,0,1,0,3,0,6,0,0,0,2,1,1,0,0,0,0,0,0,2,0,0,5,0,0,3,1,0,0,0
8,0,0,0,0,0,0,0,0,13,0,0,1,1,0,0,0,0,0,1,0,1,0,1,0,0,0,0,0,0,2,2,0,0,0,0,0,0,0,1,1,0,14,0,0,10,0,0,2,0,0,0,0,0,0,0,0,1,0,0,0,2,0,0,0,0,0,0,0,0,2,0,0,0,1,0,1,0,0,0,1,1,0,3,1,0,0,0,0,6,0,0,2,1,0,1,0,3,0,0
5,0,8,7,0,3,1,0,5,0,19,1,45,2,1,1,1,0,1,6,7,1,17,66,4,0,0,0,12,1,7,10,0,13,39,1,0,4,0,7,0,1,0,8,9,0,2,7,12,0,2,1,0,2,3,23,0,6,7,13,0,6,6,26,0,5,4,0,0,1,3,10,0,2,2,0,2,0,8,4,0,8,1,9,15,73,31,0,1,1,0,46,4,4,0,0,22,11,0,5
18,0,6,11,0,0,25,11,3,12,1,1,8,4,1,0,0,0,25,2,0,8,0,1,0,0,1,6,0,4,28,9,0,0,5,0,2,0,0,1,4,7,9,0,0,29,6,0,33,0,0,0,1,3,1,0,0,35,0,0,0,61,0,2,9,1,6,0,1,33,99,0,4,0,45,2,50,1,0,0,20,32,4,0,0,1,0,3,2,18,0,6,69,25,2,35,15,4,0,0
7,0,1,4,0,1,0,1,5,1,4,0,95,3,0,0,0,0,0,13,1,1,2,23,2,1,0,1,7,3,32,24,2,2,21,0,0,1,0,2,0,1,1,3,5,3,1,9,20,0,2,2,0,1,2,6,1,11,1,9,0,10,3,15,3,2,3,0,0,0,8,7,0,2,4,0,0,0,1,3,1,18,2,13,7,21,8,0,0,0,1,27,18,2,0,4,13,28,1,3
0,0,6,2,0,0,2,9,0,0,0,3,0,1,51,0,0,0,3,0,0,14,0,0,1,0,37,37,0,7,2,0,12,0,0,3,21,0,0,0,10,2,0,0,0,0,25,0,0,0,6,0,2,5,1,0,0,0,0,0,107,0,0,0,5,1,0,62,0,3,1,0,9,0,3,78,0,3,0,0,7,0,2,0,0,0,0,15,30,0,0,1,0,2,0,1,0,0,2,0
55,0,1,1,0,0,0,1,0,58,1,0,5,0,1,0,0,0,4,0,0,4,0,0,0,0,0,0,0,0,16,22,0,0,4,0,1,0,0,0,1,2,52,0,0,45,0,1,13,0,0,0,0,1,0,1,1,20,0,0,0,8,0,0,0,0,1,0,0,1,9,1,1,0,3,0,5,0,0,0,1,2,0,3,0,0,1,1,0,50,0,0,11,1,0,16,3,5,0,0
10,0,2,5,0,0,12,16,6,15,0,1,8,4,0,0,0,0,26,0,0,10,0,3,0,0,0,1,0,9,23,8,2,0,3,0,4,0,0,0,9,4,10,0,1,18,2,1,27,0,0,0,1,1,2,0,0,34,0,1,0,44,0,0,4,0,2,1,0,24,84,0,2,0,32,0,48,0,0,0,21,24,2,1,0,1,0,1,0,16,0,4,59,6,2,19,7,2,0,1
25,0,0,0,0,0,0,1,0,28,0,0,4,0,1,0,0,0,1,6,0,0,0,1,0,0,0,0,0,0,4,6,0,0,3,0,0,0,0,0,0,1,35,0,0,19,0,0,11,0,0,0,0,0,0,0,0,10,0,0,0,5,0,1,1,0,1,0,0,3,3,0,0,0,1,0,3,0,0,0,1,4,0,2,0,1,0,0,0,34,0,0,7,0,0,8,1,3,0,0
0,0,3,8,0,0,19,38,1,0,0,2,0,7,5,0,0,0,34,0,0,21,0,0,0,0,1,4,0,3,3,0,2,0,1,0,11,0,0,0,28,2,1,0,0,2,10,0,4,0,1,1,0,2,2,0,2,0,0,0,2,2,0,1,8,0,7,2,0,15,10,0,4,0,9,1,23,0,0,0,51,3,2,0,0,0,0,4,1,0,0,0,6,8,1,1,1,0,0,0
9,0,3,3,1,1,0,0,0,1,4,0,70,1,0,0,0,1,1,9,0,2,3,16,0,1,0,0,5,2,21,17,1,2,16,0,1,0,1,2,1,1,1,1,3,4,0,5,19,1,2,1,0,0,4,1,2,16,1,1,0,9,1,6,1,2,3,0,0,1,4,4,0,1,4,0,0,0,0,5,1,13,0,9,2,20,4,1,0,3,1,32,8,1,0,1,12,17,0,1
0,1,4,2,0,0,6,11,2,0,0,1,1,7,43,0,0,0,2,0,0,7,0,0,0,3,52,37,0,0,1,0,7,0,0,2,22,0,0,0,9,7,0,0,0,0,28,0,1,1,5,0,0,7,1,0,1,0,0,0,131,0,0,1,1,0,2,66,0,0,0,0,11,0,3,106,1,7,0,0,5,2,0,0,0,1,0,11,38,0,0,0,0,3,2,2,1,0,0,0
12,0,1,5,0,0,0,1,4,1,5,0,104,3,1,0,0,0,2,14,4,0,10,14,0,0,0,0,5,2,28,16,1,2,20,0,0,0,0,2,0,2,2,0,6,2,1,8,22,0,0,2,0,2,8,3,0,17,1,8,0,10,1,7,2,1,2,0,0,0,7,1,0,6,2,0,3,0,2,1,0,18,1,11,3,25,12,0,1,4,0,30,8,1,4,2,17,31,0,1
5,0,0,2,0,0,9,10,0,12,0,1,3,1,0,0,1,0,9,0,0,2,0,1,0,0,0,2,0,1,10,2,2,0,1,0,2,0,0,0,7,2,2,0,0,19,2,0,11,0,0,0,0,2,2,0,1,8,0,0,0,27,0,0,3,0,2,0,1,10,36,0,0,0,14,1,19,0,0,0,3,8,2,1,0,0,0,1,0,4,0,3,29,4,2,10,6,2,0,0
0,0,0,0,0,0,0,0,0,0,1,0,6,0,0,0,0,0,0,1,0,0,1,0,0,0,0,0,1,0,1,1,0,0,1,0,0,0,0,0,0,0,0,0,0,0,0,0,1,0,0,0,0,0,0,0,0,0,0,0,0,0,0,0,0,0,0,0,0,1,0,0,0,0,0,0,0,0,0,0,0,0,0,1,1,1,1,0,0,0,0,2,0,0,0,0,0,4,0,0
0,0,1,4,0,0,4,7,3,0,0,0,0,6,43,0,1,0,5,0,0,11,0,0,1,1,46,29,0,3,2,0,13,0,1,1,28,0,0,0,10,2,0,0,0,0,17,0,0,1,5,0,1,3,1,0,2,1,0,0,111,1,0,0,5,0,3,71,0,6,1,0,8,0,3,72,2,4,0,0,4,0,3,0,0,0,0,14,29,0,0,0,1,2,1,0,0,0,1,0
1,0,0,0,0,0,0,3,1,1,0,0,0,0,0,0,0,0,3,0,0,1,0,0,0,0,0,0,0,0,0,0,0,0,0,0,0,0,0,0,0,0,0,0,0,2,0,0,3,0,0,0,0,0,0,0,0,4,0,0,0,1,0,0,2,0,0,0,0,0,1,0,0,0,1,0,3,0,0,0,3,0,0,0,0,1,0,0,0,4,0,1,4,1,0,3,0,0,0,0
0,0,4,9,0,0,20,32,1,0,0,0,2,3,7,0,0,0,34,0,0,19,0,1,0,0,0,1,0,2,1,2,6,0,0,0,7,0,0,0,21,10,0,0,0,1,7,0,1,1,2,0,0,1,1,0,0,1,0,0,4,6,0,1,7,1,3,1,0,12,10,0,3,0,15,1,17,0,0,0,28,2,1,0,0,1,0,3,2,2,0,0,7,5,1,2,1,0,0,0
0,0,0,0,0,0,0,0,0,0,1,0,1,0,0,0,0,0,0,0,1,0,0,6,0,0,0,0,0,0,0,0,0,0,3,0,0,0,0,0,0,1,0,0,1,0,0,0,2,0,0,0,0,1,0,2,0,0,0,0,0,0,0,1,0,1,0,0,0,0,0,1,0,0,0,0,0,0,1,1,0,1,0,1,0,1,2,0,0,0,0,1,1,0,0,0,1,1,0,0
7,0,0,0,0,0,0,0,0,12,0,0,1,0,0,0,0,0,0,1,0,0,0,0,0,0,0,0,0,0,0,3,0,0,0,0,0,0,0,0,0,0,8,0,0,6,0,0,3,0,0,0,0,0,0,0,0,0,0,0,0,0,0,0,0,0,0,0,0,1,0,0,0,0,0,0,1,0,0,0,1,0,0,0,0,0,1,0,0,8,0,0,3,0,0,3,0,1,0,0
0,0,2,1,0,0,3,5,1,0,0,0,0,2,34,0,0,0,1,0,0,4,0,0,2,1,40,17,0,0,0,0,15,0,0,0,22,0,0,0,14,2,0,0,0,0,16,0,0,0,3,0,2,2,0,0,0,0,0,0,94,1,0,0,6,0,0,48,0,1,0,0,9,0,1,55,4,2,0,0,6,3,3,0,0,0,0,9,25,0,0,0,1,1,1,1,1,1,0,0
9,0,0,2,0,0,0,1,4,1,3,0,53,0,1,0,0,0,0,4,3,0,1,8,0,0,0,0,6,2,15,10,1,4,11,0,0,0,0,2,2,2,0,0,2,3,0,3,15,1,0,0,0,1,1,1,0,11,3,1,0,8,1,3,2,0,0,0,0,0,2,6,1,1,1,0,2,0,0,1,0,10,0,9,3,14,5,1,0,0,2,15,3,1,1,0,9,15,0,1
2,0,0,2,0,1,0,0,1,0,3,0,13,1,0,0,0,0,1,1,2,0,6,32,1,1,0,0,10,0,3,3,0,2,15,1,0,1,0,2,1,2,0,3,6,0,0,1,8,2,0,1,0,2,2,10,0,3,3,2,0,1,3,9,0,2,1,0,0,1,0,4,1,1,1,0,1,0,2,2,1,4,0,4,5,36,9,0,0,0,1,16,1,3,2,1,10,5,0,2
0,0,1,0,0,0,1,0,0,0,0,0,0,0,7,0,0,0,2,0,0,1,0,0,0,0,11,9,0,1,0,0,1,0,0,0,6,0,0,0,2,0,0,0,0,0,2,0,0,0,1,0,1,0,0,0,0,0,0,0,23,0,0,0,0,0,0,8,0,0,1,0,3,0,1,18,0,1,0,0,2,0,0,0,0,0,0,3,6,0,0,0,0,0,1,0,0,0,0,0
11,0,5,16,0,1,14,12,1,8,1,1,5,6,4,0,0,0,20,0,0,11,2,0,1,1,1,0,0,5,16,5,6,0,2,0,3,1,0,0,7,13,7,0,0,29,4,0,38,0,0,0,1,5,2,0,1,21,0,0,0,33,0,0,6,1,1,2,0,22,71,0,3,0,27,0,37,0,1,0,13,12,1,1,0,1,0,0,0,15,0,8,66,14,3,21,5,4,0,0
0,0,0,0,0,0,0,0,0,0,0,0,0,0,0,0,0,0,0,0,0,0,0,0,1,0,0,0,0,0,0,0,0,0,0,0,0,0,0,0,0,0,0,0,0,0,0,0,0,0,0,0,0,0,0,1,0,0,0,0,0,0,0,0,0,0,0,0,0,0,0,0,0,0,0,0,0,0,0,0,0,0,0,0,0,2,0,0,0,0,0,0,0,0,0,0,0,0,0,0
0,0,2,1,0,0,2,2,0,0,0,0,0,3,19,0,0,0,2,0,0,4,0,0,0,1,26,15,0,0,0,0,8,0,1,0,14,0,0,0,5,5,0,0,0,0,15,0,1,0,1,0,0,3,1,0,0,0,0,0,67,0,0,0,0,0,1,42,0,4,1,0,6,0,0,35,0,2,0,0,6,0,1,0,0,0,0,3,18,1,0,0,1,2,0,0,0,0,1,0
1,0,5,11,0,0,17,46,0,5,0,1,3,5,8,1,0,0,45,0,0,27,0,0,0,0,0,4,0,2,7,0,5,0,0,0,22,0,0,0,27,10,0,0,0,2,10,0,1,0,0,0,0,6,1,0,1,0,1,0,2,4,0,0,11,0,3,1,0,13,15,0,5,0,17,2,23,0,0,1,45,2,2,2,0,0,0,5,0,1,0,0,2,8,1,4,1,0,0,0
8,0,0,2,0,0,0,0,4,1,4,0,92,1,0,0,0,0,2,12,1,1,3,18,1,0,0,0,8,2,19,29,0,3,19,0,0,0,0,0,0,3,4,2,0,1,0,3,21,0,1,0,1,3,5,2,1,22,0,6,0,16,1,2,1,0,1,0,0,1,5,4,0,3,5,0,1,0,0,1,2,18,1,19,5,22,8,1,0,4,1,28,8,2,4,0,13,26,0,2
7,0,1,1,0,0,0,1,2,0,1,0,32,0,0,0,0,0,0,1,0,1,3,13,0,1,0,0,3,2,9,10,1,0,11,0,0,0,0,1,0,1,0,0,2,0,0,0,6,0,1,0,0,0,2,2,1,5,0,1,0,4,1,5,1,0,0,0,0,0,1,1,1,2,1,0,0,0,0,1,0,8,1,1,1,2,3,0,0,0,0,11,2,1,0,0,9,11,0,0
12,0,2,15,0,0,6,12,7,14,0,0,3,1,0,0,0,0,23,2,1,10,0,2,1,1,0,3,1,1,29,4,2,0,3,0,5,0,0,0,7,8,8,0,0,28,2,1,25,0,0,0,0,6,3,0,0,27,0,1,1,31,0,0,10,0,6,0,0,16,69,0,1,0,25,0,31,1,0,0,17,16,1,2,0,0,0,3,1,15,0,7,56,14,2,30,7,5,0,0
0,0,4,5,0,0,26,36,5,4,0,0,2,6,8,0,1,0,63,0,1,23,0,1,0,1,2,5,0,4,4,0,3,0,1,0,18,0,0,0,20,11,1,0,0,2,9,0,2,1,2,0,0,4,2,0,0,2,0,0,2,4,0,1,14,0,5,1,1,20,15,0,6,0,28,0,38,1,0,0,47,2,1,0,0,0,0,3,0,0,0,0,11,13,3,3,3,0,1,0
42,0,0,1,0,0,2,1,1,56,0,0,5,0,0,0,0,0,3,4,0,2,0,1,0,0,0,0,0,0,13,7,2,1,0,0,0,0,0,0,1,1,57,0,0,44,0,0,9,0,1,0,0,1,0,0,0,16,0,0,0,5,0,0,1,0,0,0,0,1,13,0,0,0,7,0,3,0,0,0,1,4,0,6,0,0,0,1,0,45,0,1,16,2,0,10,1,6,0,0
2,0,0,1,0,0,0,0,2,0,2,2,10,1,0,0,1,0,0,0,0,0,4,12,1,0,0,0,0,0,3,5,0,5,13,0,0,0,0,1,0,0,0,4,3,1,0,1,2,0,0,0,0,0,1,7,0,0,1,4,0,2,0,4,0,2,2,0,1,0,1,5,1,1,1,0,0,0,2,0,0,4,2,1,3,13,5,0,0,0,0,8,3,3,0,0,5,2,0,0
0,0,2,0,0,0,0,1,1,0,0,0,0,0,15,0,0,0,1,0,0,5,0,0,0,1,17,12,0,1,0,0,1,0,0,1,9,0,0,0,3,1,0,0,0,0,6,0,0,0,1,0,1,1,0,0,0,0,0,0,30,0,0,0,1,0,0,23,0,1,1,0,5,0,1,24,1,0,0,0,0,0,1,0,0,0,0,2,7,0,0,0,0,2,0,1,0,0,0,0
7,0,10,10,0,0,11,9,2,15,0,0,3,0,0,0,0,0,19,0,0,8,0,2,0,0,0,0,0,5,14,5,1,0,2,0,4,0,0,0,3,5,9,0,0,21,5,0,27,0,0,0,0,2,1,0,1,19,0,0,0,33,0,0,3,0,4,0,0,14,53,1,0,0,24,0,26,1,0,0,13,15,4,3,0,1,0,1,2,14,0,6,47,11,0,10,6,3,0,0
6,0,2,2,0,1,0,0,7,5,3,0,120,1,1,1,2,0,1,12,0,1,4,21,0,0,0,1,10,5,37,16,0,3,25,0,0,1,0,2,2,5,2,1,6,1,0,8,28,0,1,0,0,0,4,7,0,23,3,5,0,18,1,6,2,1,3,0,0,0,4,7,1,2,5,0,2,0,1,1,1,21,0,15,8,28,9,1,0,0,1,37,10,4,1,1,16,37,1,6
6,0,1,2,0,0,0,0,1,3,3,0,40,1,0,0,0,1,0,5,0,0,1,10,0,0,0,0,4,0,11,12,0,0,10,0,0,0,0,0,0,1,3,0,1,2,0,1,11,0,0,0,0,0,2,3,0,7,0,2,0,2,0,4,0,0,0,0,0,1,8,3,0,2,2,0,1,0,1,0,1,6,0,5,3,10,6,0,0,3,0,11,5,1,1,0,8,8,0,1
1,0,0,1,0,0,0,0,1,1,2,1,8,0,0,0,0,2,0,2,2,0,5,13,1,0,0,0,5,1,5,0,0,4,7,0,0,0,0,1,0,0,0,0,1,0,0,3,2,0,0,0,0,1,0,3,0,0,0,2,0,0,0,4,0,2,1,0,0,0,1,3,0,0,0,0,0,1,0,0,0,2,0,4,2,10,5,0,0,0,0,7,0,0,0,0,4,2,0,1
3,0,1,2,0,0,0,0,3,0,4,0,14,1,0,0,0,0,0,1,0,0,5,14,0,0,0,0,4,0,3,4,0,4,14,1,0,1,0,1,0,1,0,2,0,0,0,3,3,0,0,0,0,0,3,3,0,1,0,4,0,1,1,4,0,1,1,0,0,0,2,6,1,1,2,0,0,0,0,1,0,3,0,2,3,20,8,0,0,0,2,16,0,1,1,0,14,6,0,3
4,1,0,4,0,3,0,2,3,1,20,0,47,5,1,1,0,0,2,4,2,0,22,76,1,2,0,0,16,1,16,14,1,15,56,0,0,3,0,6,2,0,0,4,23,1,0,11,9,1,3,2,0,2,7,27,1,10,6,17,0,10,5,25,2,4,4,0,0,0,0,18,0,4,2,0,2,0,7,4,0,16,3,6,13,108,33,0,0,1,2,55,3,6,2,3,23,12,0,6
5,0,1,6,0,1,1,0,4,0,17,0,36,2,1,0,0,1,0,7,7,1,13,70,2,0,0,0,11,5,20,14,1,13,50,0,0,2,0,6,1,3,1,10,18,0,0,10,7,0,0,2,0,4,5,17,1,5,6,14,0,3,3,26,4,5,0,0,0,0,1,16,0,3,0,0,2,0,5,3,2,20,1,4,18,73,32,0,0,1,4,48,6,2,2,0,17,9,0,6
0,0,13,0,0,0,10,7,3,0,0,1,0,2,59,0,0,1,9,0,1,4,0,0,0,4,64,50,0,3,1,0,11,0,0,2,32,0,0,0,15,9,0,0,0,1,35,0,0,1,3,0,3,6,2,0,1,0,0,0,140,0,0,0,4,0,3,91,0,4,0,0,14,0,2,111,3,13,0,0,7,3,0,0,0,0,0,14,55,0,0,0,0,2,4,1,1,0,0,0
0,0,4,2,0,0,5,9,0,0,1,0,0,2,33,0,0,0,4,0,0,11,0,0,1,1,50,29,0,1,0,0,12,0,0,1,17,0,1,0,8,5,0,0,0,1,25,0,0,2,5,0,0,2,2,0,0,0,0,0,95,1,0,0,3,0,5,58,0,1,0,0,9,0,1,80,2,6,0,0,8,0,1,0,0,0,0,11,38,1,0,0,2,1,3,0,1,0,0,0
54,0,0,2,0,0,2,0,1,78,0,0,7,0,0,0,0,0,5,7,1,1,0,0,0,0,0,0,0,1,9,18,0,0,1,0,0,0,0,0,1,0,72,0,1,56,1,1,17,0,0,0,0,0,0,0,0,24,0,0,0,9,0,1,0,0,2,0,0,7,12,1,0,0,4,0,7,0,0,0,4,6,0,8,3,0,0,0,0,77,0,2,14,0,0,16,2,7,0,0
20,0,1,1,0,1,1,0,0,32,0,0,3,0,0,0,0,0,2,3,0,2,1,0,0,0,0,0,0,1,3,9,0,0,1,0,0,0,0,0,0,0,41,0,0,27,0,0,6,0,0,0,0,0,1,0,1,17,0,0,1,10,0,0,0,0,2,0,0,2,6,0,0,0,3,0,2,0,0,0,1,2,0,2,0,0,0,0,0,27,0,0,13,3,0,7,1,6,0,0
22,0,4,9,0,0,0,0,4,2,9,1,169,2,0,0,2,0,1,15,3,1,4,30,3,3,0,0,6,5,37,26,1,5,32,0,0,1,0,0,2,5,6,2,7,7,2,7,33,1,1,3,0,2,5,7,0,29,1,9,0,29,4,4,1,1,4,0,1,1,7,6,0,1,2,0,5,0,2,3,1,41,3,25,2,28,13,0,0,0,0,31,12,6,1,2,25,39,0,7
3,1,2,3,0,0,1,0,0,2,2,0,43,0,1,0,0,0,0,6,0,1,1,6,0,0,0,0,4,1,9,12,0,2,10,0,0,1,0,0,0,1,0,1,2,0,3,2,12,0,1,0,0,0,1,3,0,13,0,2,0,5,0,3,0,0,1,0,1,0,2,2,0,0,0,0,4,0,0,0,0,7,3,5,0,8,4,0,0,0,0,9,5,2,0,0,7,4,0,3
1,0,2,0,0,0,0,0,0,0,3,0,21,2,0,0,0,0,0,3,0,0,2,4,1,0,0,0,4,0,5,0,0,0,2,0,0,0,0,0,1,0,0,0,2,0,0,0,1,0,0,0,0,0,1,0,0,3,0,0,0,3,1,0,0,0,0,0,0,0,0,0,0,1,2,0,1,0,1,1,1,4,0,1,2,3,2,0,0,0,0,4,3,2,0,0,3,11,0,1
15,0,2,9,0,1,4,0,5,4,14,0,148,4,0,0,0,0,0,13,2,0,14,18,2,0,0,0,11,2,47,35,2,5,40,0,1,0,0,3,0,5,5,3,9,2,1,5,36,1,2,1,0,3,7,8,2,31,1,8,0,15,2,8,1,6,6,0,0,1,10,11,1,2,3,0,1,1,3,1,0,27,1,27,9,23,14,0,0,2,0,44,12,6,3,2,29,49,0,4
0,0,4,8,0,0,17,27,3,1,0,0,1,2,7,0,0,0,34,0,0,22,0,0,0,2,0,3,0,1,1,1,3,0,0,0,15,0,0,0,25,5,0,0,0,0,7,0,1,0,1,0,0,5,1,0,1,1,0,0,1,4,0,0,7,0,5,3,0,14,16,0,3,0,15,1,20,0,0,0,25,3,1,0,0,0,0,3,2,1,0,0,5,8,1,7,0,0,0,0
81,0,1,2,0,0,2,3,1,127,1,0,10,0,1,0,0,0,7,14,0,3,1,2,1,0,0,0,0,3,18,26,0,0,0,0,0,0,0,0,1,2,105,0,0,92,0,1,27,0,0,0,0,0,2,0,0,42,0,1,0,20,0,0,1,0,0,0,0,7,22,1,4,2,7,0,10,0,0,0,6,7,1,14,1,1,0,2,0,89,0,1,21,7,0,33,3,13,0,0
13,0,0,0,0,0,1,0,1,17,0,0,4,0,0,0,0,0,2,0,0,0,0,0,0,0,0,0,0,0,4,5,0,0,1,0,0,0,0,0,0,0,15,0,0,6,0,0,7,0,0,0,0,0,0,1,0,3,0,0,0,0,0,1,0,0,0,0,0,3,2,0,0,0,0,0,0,0,0,0,1,0,0,4,0,0,0,0,0,9,0,0,1,1,0,8,1,2,0,0
0,0,3,5,0,0,5,10,1,1,0,3,1,4,69,0,0,0,5,0,0,10,0,0,1,1,43,27,0,2,0,0,10,0,0,0,26,0,0,0,11,7,0,0,0,0,29,0,0,0,3,0,0,3,1,0,1,1,0,0,106,2,0,0,6,0,1,75,0,3,0,0,12,0,2,81,3,6,0,0,7,1,1,0,0,0,0,16,46,1,0,2,0,4,0,0,1,0,1,0
0,0,0,0,0,0,0,0,0,0,1,0,9,0,0,0,0,0,0,1,0,0,0,1,0,0,0,0,0,0,2,3,0,0,1,0,0,0,0,0,0,0,0,0,0,0,0,2,0,0,0,0,0,0,0,0,0,0,0,0,0,0,0,1,0,1,0,0,0,0,2,0,0,0,0,0,0,0,0,1,0,2,0,0,0,1,0,0,0,1,0,1,1,0,1,0,3,3,0,0
0,0,0,1,0,0,0,1,0,0,0,0,0,0,0,0,0,0,2,0,0,1,0,0,0,0,0,0,0,0,1,0,0,0,0,0,0,0,0,0,0,0,0,0,0,0,0,0,0,0,0,0,0,0,0,0,0,1,0,0,0,1,0,0,0,0,0,0,0,2,0,0,0,0,0,1,2,0,0,0,1,0,1,0,0,0,0,0,0,0,0,0,0,0,0,0,0,0,0,0
6,1,1,1,0,1,0,1,2,0,10,1,23,0,0,0,0,0,0,4,5,1,9,35,0,0,0,0,5,3,4,8,0,2,19,0,0,0,0,2,0,1,0,4,6,0,0,3,5,0,0,3,0,0,4,8,0,0,2,4,0,3,2,15,0,2,2,0,0,0,2,5,0,2,1,0,0,0,4,1,0,5,1,1,6,35,11,1,0,0,3,13,1,2,0,0,9,8,0,1
3,0,1,1,0,0,0,0,0,1,4,0,26,1,0,0,0,0,0,6,0,0,0,6,0,1,0,0,0,0,7,10,0,1,6,0,0,0,0,1,0,0,1,0,2,3,0,2,6,0,1,0,0,0,0,1,1,4,2,0,0,3,0,3,0,0,0,0,0,0,0,0,0,0,1,0,0,0,0,0,0,3,0,4,0,4,2,0,0,0,1,6,2,1,0,0,4,10,0,0
16,1,4,9,0,1,1,3,3,0,13,1,166,2,0,0,1,0,1,17,1,1,10,24,0,0,0,0,13,4,29,35,2,8,43,0,1,2,0,1,0,3,2,2,8,4,1,7,25,0,3,2,0,4,4,9,2,32,4,8,0,19,2,12,2,2,2,0,0,1,9,9,1,4,3,1,4,1,2,0,0,24,1,17,8,46,11,0,0,1,5,52,10,7,2,0,25,49,1,3
5,0,4,8,0,0,8,10,3,9,0,0,3,1,1,0,0,0,17,2,0,7,0,1,0,0,0,1,0,3,12,4,1,0,0,0,4,0,0,0,7,10,8,0,1,13,2,0,24,0,2,0,0,4,2,0,0,17,0,0,0,23,0,1,3,0,3,1,0,23,53,0,1,0,16,0,35,0,0,0,7,18,2,1,1,0,2,1,0,13,0,6,43,10,1,9,3,2,0,0
9,0,3,9,0,0,22,13,2,11,0,1,4,1,1,0,1,0,27,0,1,11,0,2,1,1,0,2,1,6,22,8,1,0,2,0,8,0,0,0,3,4,9,0,0,18,9,0,30,0,0,0,0,3,4,0,1,18,0,0,1,28,0,0,4,1,7,2,0,15,65,0,4,0,25,0,42,2,0,0,16,17,0,3,0,0,0,1,1,14,0,6,54,11,2,17,5,2,1,0
1,0,4,5,0,0,39,59,1,3,0,1,0,7,3,0,0,0,72,0,1,37,0,0,1,3,5,10,0,2,6,0,12,0,2,0,20,0,0,0,26,15,1,0,0,5,18,0,4,0,6,0,0,7,1,0,1,0,1,0,1,8,0,0,9,1,8,1,0,15,14,0,2,0,26,3,35,3,0,0,53,6,1,0,0,0,0,8,3,1,0,1,12,19,2,5,3,0,0,0
44,0,1,7,0,0,0,3,2,89,0,0,6,0,1,0,0,0,1,5,0,3,0,0,1,0,0,0,1,1,8,16,0,0,1,0,0,0,0,0,0,1,72,0,0,55,1,0,10,0,1,0,0,0,0,0,0,23,0,1,0,10,0,0,0,0,2,0,0,5,8,0,0,1,5,0,5,0,0,0,2,5,0,4,0,1,0,0,0,45,0,4,15,1,0,21,4,8,0,0
82,0,1,3,0,0,5,1,0,104,0,0,15,0,0,0,0,0,7,10,0,2,0,2,0,0,0,0,0,1,17,26,2,0,0,0,1,0,0,0,0,2,108,0,0,92,0,0,21,0,0,0,0,0,1,1,0,40,0,0,0,13,0,0,3,0,2,0,0,6,16,0,1,1,4,0,13,0,0,0,4,10,0,10,2,0,0,1,0,100,0,2,12,3,0,26,1,14,0,0
7,0,0,0,0,0,0,0,0,3,0,0,0,0,0,0,0,0,2,0,0,0,0,0,0,0,0,0,0,0,1,0,0,0,0,0,0,0,0,0,0,0,8,0,0,4,0,1,0,0,0,0,0,0,0,0,0,1,0,1,0,1,0,0,0,0,1,0,0,0,0,0,0,0,0,0,0,0,0,0,0,0,0,0,0,0,0,0,0,5,0,1,0,0,0,1,0,0,0,0
0,0,7,8,0,0,42,75,10,1,0,2,1,6,15,0,0,0,84,1,1,47,0,0,0,4,2,15,0,3,4,1,7,0,0,0,24,0,0,0,33,12,0,0,0,3,12,0,4,1,0,0,0,6,2,0,1,3,0,0,1,6,0,0,10,0,8,6,0,28,24,0,6,0,36,1,35,0,0,0,72,5,2,1,0,0,0,6,3,2,0,2,15,23,1,4,6,1,2,0
7,0,3,6,0,0,11,12,6,11,0,1,2,3,1,0,0,0,15,0,1,4,0,1,1,1,0,1,0,3,19,9,6,0,2,0,2,0,0,0,6,5,12,0,0,15,1,0,25,0,0,0,0,2,2,0,1,24,0,0,0,38,0,1,7,0,4,1,0,22,59,0,2,0,29,0,25,0,0,0,16,8,0,3,1,1,1,6,1,11,1,4,50,9,1,18,7,1,0,0
0,0,14,3,0,0,8,12,1,0,0,1,1,1,38,0,0,0,5,0,0,15,0,0,0,1,78,44,0,1,1,0,18,0,1,3,28,0,0,0,18,5,0,0,0,0,36,0,1,0,7,0,3,9,2,0,1,1,0,0,148,0,0,0,6,0,4,103,0,4,2,0,16,0,2,113,2,5,0,0,15,1,2,0,0,0,0,9,76,1,0,0,1,4,2,1,1,0,2,0
7,0,0,1,0,0,1,1,0,11,0,0,0,0,0,0,0,0,1,2,0,0,0,0,0,0,0,0,0,0,2,2,0,0,0,0,0,0,0,0,0,0,13,0,0,11,0,0,3,0,0,0,0,0,0,0,0,6,0,0,0,0,0,0,0,0,0,0,0,0,1,0,0,0,0,0,2,0,0,0,2,1,0,0,0,0,0,0,0,8,0,0,2,0,0,0,0,0,0,0
47,0,1,1,0,0,1,1,0,68,1,0,4,1,0,0,0,0,1,6,0,1,1,0,2,0,0,0,0,1,12,17,0,0,2,0,1,0,0,1,0,2,66,0,0,52,1,0,17,0,0,0,0,0,0,1,0,32,0,0,0,9,0,0,3,0,0,0,0,3,13,1,0,0,2,0,5,0,0,0,1,5,0,4,0,1,0,0,0,55,0,1,14,5,0,15,3,9,0,0
1,0,6,10,1,0,57,68,6,0,0,3,1,6,8,0,0,0,82,0,1,29,1,1,0,3,2,7,0,4,6,0,7,0,1,1,19,0,0,0,43,13,1,0,0,2,21,0,4,0,1,0,1,8,1,0,1,2,0,0,1,11,0,0,10,0,13,5,0,21,16,0,9,0,25,1,47,4,0,1,66,5,3,0,0,0,0,6,2,2,0,2,8,18,3,3,5,0,2,0
9,0,3,14,0,0,17,23,6,18,1,0,12,4,2,0,1,0,36,3,0,13,0,1,0,0,0,2,0,2,30,6,2,0,1,0,3,0,0,0,12,13,10,0,0,28,3,0,41,1,2,0,1,5,1,0,0,26,0,0,0,49,0,2,8,1,11,0,0,23,86,0,3,0,30,0,63,3,0,0,17,17,3,2,0,2,0,4,0,12,0,3,88,20,3,22,7,1,1,0
84,0,1,2,0,0,5,5,2,122,0,0,10,0,2,0,0,0,6,7,0,1,1,1,1,0,0,0,0,0,24,34,2,1,2,0,1,0,0,0,1,2,126,0,0,98,3,1,29,0,0,0,0,0,2,0,0,33,0,0,0,20,1,0,0,0,1,1,0,7,27,0,0,2,5,0,8,0,0,0,4,8,1,11,1,0,2,1,0,96,0,4,32,1,0,28,1,16,0,1
3,0,0,3,0,0,0,1,4,1,14,1,31,0,0,0,0,0,0,1,2,2,13,38,1,1,0,0,5,1,7,6,0,18,19,0,0,1,0,3,0,0,0,6,12,1,0,2,7,0,0,1,0,0,2,10,1,10,3,4,0,4,9,12,1,4,1,0,1,0,1,11,0,4,2,0,2,0,8,2,0,10,1,3,7,63,16,0,0,0,1,30,1,3,1,0,19,7,0,3
12,0,1,5,1,0,1,0,5,3,4,0,110,1,0,0,1,0,1,12,1,0,2,14,0,1,0,0,3,0,18,18,1,1,22,0,0,1,0,0,2,2,1,1,3,3,0,4,11,1,0,1,0,0,1,10,0,21,1,6,0,13,1,4,0,4,4,0,0,1,5,4,0,3,1,0,2,0,4,0,1,25,4,5,5,15,7,1,0,1,1,27,5,6,3,2,22,28,0,0
0,0,3,9,0,0,32,37,1,0,0,0,0,5,9,0,0,0,66,1,0,32,0,1,0,1,1,3,0,3,4,0,6,1,1,0,19,0,0,0,25,12,0,0,0,6,10,0,0,0,1,0,0,4,4,1,0,3,0,0,3,3,0,0,10,0,4,4,0,17,12,0,9,0,27,3,28,1,0,0,64,12,1,0,0,0,0,1,0,0,0,0,10,14,0,2,2,0,0,0
2,0,0,0,0,0,1,3,0,0,0,0,2,1,0,0,0,0,1,0,0,0,0,1,0,0,0,0,0,0,1,1,0,0,1,0,0,0,0,0,0,1,2,0,0,4,0,0,3,0,1,0,0,0,0,0,0,2,0,0,0,4,0,0,1,0,1,0,0,0,5,0,2,0,0,0,2,0,0,0,0,5,0,0,0,0,0,0,0,2,0,0,8,1,0,2,0,0,0,0
12,0,3,11,0,0,10,8,4,10,1,1,5,2,4,0,0,0,26,1,0,2,0,4,0,0,1,1,0,4,9,8,2,0,2,0,9,0,0,0,9,4,8,1,0,27,2,0,33,0,0,0,0,2,2,0,1,11,0,0,0,31,0,0,1,0,5,0,0,27,67,0,3,0,30,0,45,1,0,0,16,9,6,1,1,0,0,2,1,11,0,2,54,12,1,9,10,2,0,0
0,0,1,0,0,0,1,0,0,0,0,0,0,0,8,0,0,0,0,0,1,1,0,0,0,0,4,5,0,0,0,0,3,0,0,0,2,0,0,0,1,1,0,0,0,0,5,0,0,0,2,0,0,2,0,0,0,0,0,0,16,0,0,0,0,0,0,12,0,0,1,0,2,0,0,6,1,1,0,0,0,0,1,0,0,0,0,0,3,0,0,0,0,0,0,0,0,0,0,0
0,0,2,0,0,0,7,6,0,0,0,0,0,3,40,0,0,0,5,0,0,11,0,0,0,2,56,28,0,1,0,0,6,0,0,1,21,0,0,0,8,3,0,0,0,0,25,0,0,1,3,0,5,5,1,0,1,0,0,0,81,0,0,0,2,0,1,76,0,2,1,0,7,0,0,71,5,6,0,0,6,0,1,0,0,0,0,11,36,0,0,1,0,2,2,0,0,1,1,0
0,0,0,0,0,0,2,1,0,0,0,0,0,0,0,0,0,0,1,0,0,0,0,0,0,0,0,0,0,0,0,0,0,0,0,0,0,0,0,0,0,0,0,0,0,0,0,0,0,0,0,0,0,0,0,0,0,0,0,0,0,0,0,0,0,0,0,0,0,0,1,0,0,0,0,0,0,0,0,0,1,0,0,0,0,0,0,0,0,0,0,0,1,0,0,0,0,0,0,0
1,0,0,1,0,1,2,0,7,1,22,0,32,4,1,0,0,0,2,2,3,0,20,56,1,0,0,1,19,3,12,7,0,16,39,0,0,3,0,8,1,0,0,8,14,0,0,10,8,1,1,2,0,3,6,32,0,10,9,19,0,9,5,14,2,9,6,0,1,1,2,13,0,0,3,0,0,0,8,5,0,15,1,9,19,89,19,1,0,1,1,46,6,1,2,1,20,11,0,3
5,0,2,2,0,1,1,1,2,2,21,1,42,2,0,2,1,0,2,10,7,0,10,69,1,2,0,0,15,3,10,6,0,17,38,2,0,1,0,5,1,1,1,14,14,1,0,10,9,1,2,7,0,2,6,17,4,9,5,16,0,6,6,16,3,8,3,0,1,0,2,12,0,4,2,0,0,0,7,2,1,18,5,6,11,73,24,0,0,0,1,43,4,2,0,0,27,11,2,4
0,0,4,1,0,0,8,3,1,0,0,1,0,2,24,0,0,0,3,0,0,6,0,0,0,1,38,31,0,1,0,0,3,0,0,3,18,0,0,0,10,0,1,0,0,0,21,0,0,1,3,0,2,3,0,0,0,0,0,0,74,0,0,0,1,0,2,42,0,1,1,0,4,0,0,70,1,3,0,0,3,0,2,0,0,0,0,10,37,0,0,0,0,1,2,0,1,0,2,0
16,0,3,7,0,0,19,10,1,13,1,1,6,2,1,0,0,0,26,3,1,6,0,1,0,2,1,2,1,3,25,8,1,2,4,0,1,0,0,0,5,8,5,0,0,14,2,0,35,0,2,0,0,2,0,1,2,22,0,0,0,34,0,0,2,0,10,2,0,26,44,1,4,0,40,0,32,0,0,1,10,17,2,3,0,0,0,1,0,6,0,5,56,12,3,14,9,5,0,0
9,0,1,11,0,0,0,1,9,2,9,2,148,3,1,0,1,0,0,23,1,1,10,30,1,1,0,0,9,5,34,36,0,3,29,0,0,0,0,3,1,1,3,5,10,6,1,5,28,1,1,0,0,3,8,11,1,24,1,12,0,20,3,6,2,3,3,1,0,1,7,5,0,4,6,1,4,0,4,4,3,26,1,29,12,40,7,1,1,1,1,47,13,5,1,1,23,54,0,3
13,0,1,9,0,0,1,3,5,1,8,0,127,1,0,0,1,0,2,16,1,1,4,18,0,0,0,0,8,7,28,20,1,4,24,0,0,1,0,1,0,3,4,2,6,1,0,8,25,1,0,1,1,3,6,5,1,26,3,3,0,15,0,5,2,2,2,0,0,0,5,8,0,2,3,0,4,0,1,2,0,25,1,9,3,23,9,0,0,2,0,36,9,4,1,1,16,26,1,1
10,0,1,3,0,0,0,0,3,1,4,0,75,1,0,0,0,0,0,8,0,1,1,15,1,0,0,0,4,1,10,13,0,2,15,0,0,1,0,0,0,2,0,0,2,2,1,3,10,1,0,0,0,2,1,0,0,15,1,4,0,7,0,3,1,3,3,0,0,1,4,2,0,1,1,0,1,0,0,1,0,10,0,6,2,7,3,0,0,2,0,12,9,3,1,1,12,9,0,3
9,0,4,15,0,0,17,17,4,19,0,1,7,3,2,0,1,0,34,2,3,13,0,2,1,2,0,2,0,4,22,7,3,0,2,0,7,0,0,1,15,16,14,0,0,27,2,0,34,0,2,1,0,9,5,0,1,18,0,0,0,45,0,1,8,0,5,2,0,39,89,0,0,0,37,0,54,0,0,1,13,22,2,2,0,3,0,5,1,17,0,1,91,16,1,17,7,4,0,0
6,0,0,3,0,1,1,1,3,1,17,1,29,1,0,0,2,0,0,5,2,1,9,54,1,2,0,1,5,3,10,8,0,10,30,0,0,0,0,4,1,1,0,7,7,1,0,9,4,0,1,3,0,1,5,13,2,13,3,13,0,7,3,21,0,1,1,0,0,1,1,13,0,1,3,0,0,0,4,2,0,11,0,3,7,55,18,0,0,1,3,46,2,2,1,0,15,7,0,4
0,0,0,0,0,0,1,0,0,0,0,0,5,2,0,0,0,0,0,1,0,0,0,0,0,0,0,0,0,1,2,2,0,0,1,0,0,0,0,0,0,0,0,0,0,0,0,1,1,0,0,0,0,0,0,0,0,1,0,1,0,2,0,0,0,0,1,0,0,0,0,2,0,0,0,0,1,0,0,0,0,1,0,0,0,1,0,0,0,0,0,1,0,0,1,0,0,1,0,0
2,0,2,10,0,0,35,38,3,1,0,0,2,1,3,1,0,0,66,0,1,36,0,0,0,2,1,4,0,3,5,0,6,0,0,0,16,0,0,0,33,14,3,0,1,2,12,0,5,0,1,0,0,4,4,0,0,2,0,0,1,4,0,0,10,0,2,3,1,25,16,0,4,0,14,1,36,2,0,0,52,2,3,0,1,1,0,8,2,2,0,0,7,17,1,9,2,0,1,0
0,0,7,1,0,0,6,13,1,0,0,2,0,5,51,0,0,0,5,0,0,13,0,0,1,1,72,40,0,2,0,0,20,0,0,5,42,0,0,0,18,4,0,0,0,1,40,0,0,1,1,0,3,6,2,0,0,1,0,0,136,0,0,0,6,0,5,95,0,5,1,0,7,0,4,90,4,12,0,0,10,0,2,0,0,0,0,10,57,0,1,1,1,1,5,1,0,0,1,0
0,0,0,0,0,0,0,0,1,0,1,0,12,0,0,0,0,0,0,1,0,0,1,3,0,0,0,0,0,0,3,2,0,0,3,0,0,0,0,1,0,0,0,0,0,0,0,1,2,0,0,0,0,0,0,1,1,3,0,0,0,0,0,0,0,1,1,0,0,0,0,1,0,0,0,0,0,0,0,0,0,0,0,2,0,0,1,0,1,0,0,4,1,1,1,0,1,5,0,0
0,0,13,9,0,0,41,77,6,0,0,0,1,6,14,0,1,0,108,0,1,45,0,1,2,1,1,2,0,5,9,1,9,1,4,0,22,0,0,0,46,31,2,0,0,3,16,0,11,1,4,0,3,19,1,0,0,4,0,0,1,15,0,2,12,0,11,2,0,40,29,1,11,0,41,6,52,0,0,1,79,8,3,0,0,1,0,6,2,2,0,1,14,25,1,2,4,0,0,0
1,1,2,5,0,1,0,0,1,1,15,1,21,0,0,1,1,1,0,2,7,0,8,34,2,0,0,1,6,3,6,6,1,8,31,0,0,1,0,5,0,2,0,3,13,0,1,2,9,1,1,1,0,3,4,13,1,9,4,19,0,5,3,14,0,6,4,0,0,0,6,11,1,3,5,0,2,0,6,1,0,9,3,4,8,42,14,1,0,0,2,37,1,1,3,1,9,11,0,2
15,0,1,5,0,1,1,0,7,1,5,0,130,2,0,0,0,0,2,18,1,2,2,19,4,0,0,0,8,2,26,29,0,4,29,0,1,2,0,1,1,3,5,4,5,3,1,11,17,1,2,1,0,0,3,7,2,26,2,5,0,13,1,9,0,2,6,0,0,3,4,4,1,3,6,0,4,0,3,0,0,25,0,18,8,34,9,0,0,2,1,33,9,3,1,1,22,32,0,1
0,0,0,0,0,2,0,0,1,1,8,0,17,0,0,0,0,0,0,5,1,0,7,21,1,2,0,0,2,0,0,1,0,6,13,0,0,0,0,0,0,2,0,3,8,0,0,1,3,1,0,0,0,0,4,6,0,4,1,4,0,6,1,8,1,3,1,0,0,0,0,1,0,1,1,0,0,0,5,1,0,5,1,1,6,25,13,0,0,0,1,15,3,0,1,0,5,6,0,1
0,0,0,0,0,0,1,0,0,0,0,0,0,0,0,0,0,0,5,0,0,1,0,0,0,0,0,0,0,0,0,0,1,0,0,0,1,0,0,0,1,0,0,0,0,0,0,0,0,0,0,0,0,0,0,0,0,0,0,0,0,0,0,0,1,0,2,0,0,2,1,0,0,0,2,0,2,0,0,0,1,0,0,0,0,0,0,0,0,0,0,0,1,0,0,0,0,0,0,0
4,1,2,4,0,1,0,1,7,0,15,0,23,4,0,0,1,0,0,6,1,0,13,51,4,2,0,0,3,1,7,11,1,4,38,0,0,2,0,7,1,2,1,7,10,1,1,9,3,1,0,2,0,0,5,31,1,10,4,7,0,6,6,18,1,6,2,0,2,0,0,9,0,4,2,0,0,0,6,3,0,14,2,7,12,65,22,0,1,0,2,31,5,2,3,0,13,18,0,2
6,0,2,6,0,0,10,10,3,10,0,0,1,4,2,0,0,0,30,2,0,7,1,3,0,2,1,0,0,0,15,5,3,0,3,0,3,0,0,0,10,5,6,0,0,18,2,0,16,1,0,0,0,2,2,0,0,22,0,0,0,25,0,0,5,0,6,0,0,19,47,0,0,0,23,1,23,0,0,0,16,8,0,0,0,1,0,4,1,8,2,1,49,9,1,11,2,2,0,1
0,0,0,1,0,0,4,3,0,0,0,0,0,0,2,0,0,0,4,0,0,4,0,0,0,0,1,0,0,0,1,0,2,0,0,0,0,0,0,0,2,0,0,0,0,0,2,0,1,0,0,0,0,1,0,0,0,0,0,0,0,1,0,0,2,0,0,0,0,1,4,0,1,0,5,0,2,0,0,0,4,2,0,0,0,0,0,1,0,0,0,0,1,0,0,1,0,0,0,0
0,0,1,1,0,0,5,1,2,0,0,1,0,1,16,0,0,0,3,0,0,4,0,0,0,0,19,8,0,1,0,0,1,0,0,1,3,0,0,0,2,3,0,0,0,0,12,0,0,0,2,0,1,2,0,0,0,1,0,0,36,0,0,0,1,0,0,23,0,1,0,0,3,0,1,31,2,1,0,0,4,0,0,0,0,0,0,4,17,0,0,0,0,1,0,0,0,0,0,0
1,0,0,1,0,0,0,0,0,0,1,0,10,0,0,0,1,0,0,2,1,0,6,14,0,1,0,0,4,0,2,2,0,1,2,0,0,0,0,2,0,0,0,2,1,1,0,1,0,1,0,0,0,2,4,0,0,1,2,4,0,2,3,3,0,0,0,0,0,0,0,5,0,0,0,0,0,1,2,0,0,4,0,3,4,24,3,0,0,0,1,9,1,0,0,0,4,2,0,3
0,0,4,5,0,0,43,59,2,0,0,0,1,4,8,0,0,0,62,1,1,32,1,0,0,0,3,5,0,6,4,2,2,0,1,2,19,0,0,0,25,31,1,1,0,3,12,0,7,1,4,0,0,6,1,0,2,2,0,0,0,5,0,0,14,0,6,3,0,17,20,0,7,0,30,4,45,0,0,0,78,3,4,0,0,0,0,6,1,1,0,3,14,16,3,7,2,0,0,0
7,0,1,3,0,0,0,4,2,3,3,0,58,0,0,0,1,0,1,10,0,0,2,16,0,0,0,0,4,2,17,15,1,3,15,0,0,0,0,2,0,2,1,1,2,4,0,6,12,0,0,1,0,1,5,4,0,14,2,2,0,8,3,6,1,1,1,0,1,2,4,6,0,0,0,0,3,1,0,0,0,12,1,8,3,15,5,0,1,0,0,20,4,0,0,0,14,19,0,0
14,0,1,6,0,0,0,2,4,1,4,0,135,3,0,0,1,0,0,18,1,0,4,25,1,0,0,0,14,3,34,22,0,3,29,0,0,0,1,2,0,5,2,3,2,2,0,4,26,0,1,1,0,1,4,4,1,27,1,5,0,16,2,11,3,1,7,0,0,0,6,5,2,2,5,0,0,0,1,1,0,24,1,21,8,26,11,0,0,3,4,34,17,5,2,2,24,42,1,4
0,0,1,2,0,0,6,5,0,0,0,2,0,1,53,0,1,0,5,0,1,9,0,0,3,4,49,39,0,2,1,0,6,0,1,2,26,0,0,0,14,2,0,0,0,0,32,0,0,0,1,0,3,4,0,0,2,0,0,0,97,2,0,0,3,1,1,80,0,1,4,0,10,0,10,67,1,4,0,0,5,3,3,0,1,0,0,16,34,0,0,1,1,5,0,0,0,0,0,0
3,0,1,3,0,0,0,0,1,0,2,0,22,2,0,0,0,0,1,4,0,0,0,2,0,0,0,0,2,1,5,6,0,1,4,0,0,1,0,0,0,1,0,1,3,0,0,0,4,1,0,0,0,0,0,2,0,9,1,0,0,5,0,1,0,0,0,0,0,0,0,0,0,0,0,0,0,0,0,0,0,7,0,0,2,3,1,0,0,0,0,12,2,0,3,2,3,11,0,1
0,0,0,0,0,0,0,0,0,0,0,0,1,0,0,0,0,0,0,0,0,0,0,2,0,0,0,0,0,0,0,0,0,0,2,0,0,0,0,0,0,0,0,1,0,0,0,0,0,0,0,0,0,0,0,1,0,1,1,1,0,1,0,1,0,0,1,0,0,0,0,1,0,0,0,0,0,0,0,0,0,1,0,0,0,2,1,0,0,0,0,2,0,0,1,0,2,0,0,0
4,0,2,5,0,0,5,6,2,3,0,0,2,1,0,0,0,0,7,0,0,4,0,0,1,0,0,0,0,3,13,1,1,0,1,0,4,0,0,1,5,4,6,0,0,8,3,0,10,0,0,0,0,2,1,0,0,11,0,0,0,20,0,0,1,0,2,0,0,12,41,0,2,0,10,0,12,0,0,0,8,9,1,4,0,0,0,1,0,7,0,2,31,6,0,14,2,2,0,0
5,0,3,8,0,3,1,2,11,1,24,0,49,3,0,0,1,0,3,9,2,0,24,73,2,0,0,0,15,1,19,15,1,11,53,1,0,1,1,11,0,0,3,7,20,1,0,7,13,1,2,0,0,3,10,27,1,3,5,14,0,7,13,30,4,6,5,0,0,1,4,23,0,7,3,0,3,0,4,10,0,12,1,5,6,86,26,1,0,1,3,53,9,2,1,2,23,14,0,3
59,0,0,0,0,0,1,1,1,71,1,0,6,0,0,0,0,0,5,7,0,1,0,1,0,0,1,1,0,1,13,22,0,0,1,0,1,0,0,0,1,3,64,0,1,52,1,1,14,0,0,0,0,0,1,0,1,19,0,0,0,15,0,0,2,0,3,1,0,2,11,0,1,0,4,0,6,0,0,0,3,2,1,7,1,0,2,0,0,42,0,0,12,6,0,17,3,14,0,0
7,0,1,6,0,0,4,7,1,4,0,0,1,3,1,0,0,0,16,2,1,2,0,0,0,0,0,2,0,0,13,3,2,1,3,1,1,0,0,0,4,3,4,0,0,15,6,0,11,0,0,0,0,1,1,1,0,18,0,0,0,20,0,0,5,0,7,0,0,7,40,0,2,0,16,0,18,0,0,1,6,3,0,2,0,1,1,0,0,4,0,3,28,4,1,14,6,2,0,0
15,0,0,3,0,0,2,1,0,37,0,1,2,0,0,0,0,0,1,5,0,0,0,1,0,0,0,0,0,0,4,9,0,0,1,0,1,0,0,0,2,1,32,0,0,19,0,0,10,0,0,0,0,0,0,0,0,13,0,0,0,12,0,0,0,0,3,0,0,1,6,0,0,0,2,0,2,0,0,0,2,2,1,5,0,0,1,0,0,35,0,1,8,1,0,9,1,5,0,0
2,0,2,3,0,2,0,1,7,1,15,0,35,3,0,0,0,0,1,3,3,1,20,55,0,1,0,0,9,1,12,4,1,14,33,1,0,1,0,8,0,2,0,10,12,0,0,6,10,2,1,0,0,1,4,12,0,3,6,12,0,3,4,16,2,4,4,0,1,0,1,13,0,4,4,0,3,0,7,3,0,14,1,4,15,73,20,1,0,0,1,58,5,0,0,1,19,13,0,1
7,0,3,4,0,0,0,0,4,0,10,1,101,1,0,0,0,0,3,15,3,0,4,22,0,0,0,0,5,1,21,21,0,5,26,0,0,0,0,1,1,3,1,1,3,2,0,5,14,1,1,0,0,2,4,5,1,14,1,3,0,13,5,8,1,3,3,0,1,1,6,8,1,2,2,0,4,0,1,2,0,14,1,9,2,14,6,0,0,2,1,40,7,3,1,0,29,18,0,2
2,1,0,1,0,0,5,2,2,2,0,0,0,0,0,0,0,0,2,0,0,1,0,0,0,0,0,0,0,0,4,0,2,0,0,0,1,0,0,0,1,3,2,0,0,7,0,0,5,0,1,0,0,0,0,0,0,6,0,0,0,11,0,0,1,0,2,0,0,5,23,0,0,0,6,0,8,1,0,0,4,3,0,1,0,0,0,0,0,4,0,2,9,4,0,2,0,0,0,0
4,0,2,4,0,0,1,1,6,0,11,0,23,2,0,0,2,0,1,6,6,0,18,44,3,2,0,0,7,3,6,6,0,10,34,0,0,1,0,3,0,1,1,4,7,1,0,8,10,1,1,4,0,1,3,8,3,10,5,14,0,5,2,14,3,3,3,0,0,0,0,10,1,2,1,0,0,1,6,3,0,9,2,2,8,69,26,2,0,1,1,40,4,3,3,1,11,12,0,5
1,0,4,11,0,0,42,57,5,2,0,0,0,3,11,0,0,0,73,1,1,37,0,1,0,0,3,5,0,2,6,1,6,0,3,1,28,1,0,0,38,14,3,0,0,5,11,0,3,1,2,0,1,7,3,0,3,3,0,0,0,8,0,0,7,0,7,2,0,19,18,0,7,0,22,1,30,2,0,0,56,7,1,0,2,1,1,11,2,2,0,2,18,19,1,6,1,0,1,0
2,0,0,5,0,0,0,1,5,0,3,0,55,2,0,0,1,0,0,5,0,0,1,19,0,0,0,0,5,2,16,12,0,2,14,0,0,0,0,0,0,1,0,0,1,0,0,5,9,0,1,0,0,2,3,7,0,12,0,2,0,5,2,5,2,0,3,0,0,1,5,3,1,1,0,0,3,0,4,1,0,11,0,5,1,14,6,0,0,1,0,30,4,1,0,0,9,18,0,2
0,0,1,0,0,0,1,0,0,0,0,0,0,1,11,0,0,0,2,0,0,1,0,0,0,2,8,11,0,0,0,0,4,0,0,0,3,0,0,0,3,1,0,0,0,0,5,0,0,0,2,0,0,1,0,0,0,0,0,0,12,0,0,0,2,0,0,10,0,0,1,0,0,0,1,20,2,1,1,0,0,0,1,0,0,0,0,5,4,0,0,0,0,1,1,0,0,0,0,0
12,1,1,5,0,1,1,0,0,6,6,1,93,2,1,0,0,0,3,19,3,1,3,17,0,0,0,0,5,1,28,32,0,4,24,0,0,1,0,1,0,2,2,3,4,0,0,4,20,1,0,3,0,2,3,6,0,21,1,5,0,10,0,4,1,3,1,0,0,1,7,4,0,2,5,0,0,0,3,1,2,14,6,17,5,23,7,0,0,1,2,34,5,4,0,3,12,29,0,2
0,0,2,2,0,0,8,8,1,1,0,0,0,3,60,0,0,0,10,0,0,10,0,0,0,2,50,35,0,3,0,0,9,0,0,2,30,0,0,1,17,5,0,0,0,0,39,0,0,0,6,0,8,5,0,0,2,0,0,0,101,0,0,0,3,0,4,88,0,1,2,0,12,0,4,74,3,7,0,0,2,1,2,0,0,0,0,7,37,0,0,0,1,4,5,0,1,0,0,0
16,0,6,12,0,0,13,18,4,13,0,1,7,4,1,0,0,0,25,0,0,12,0,3,0,1,0,2,1,4,19,12,1,0,1,0,2,0,0,0,7,9,11,0,1,27,3,0,25,0,1,0,0,4,6,0,0,24,0,0,1,44,1,1,6,0,5,0,0,17,71,0,0,0,27,1,43,1,0,0,14,18,6,5,1,1,1,3,0,15,0,2,55,14,3,23,9,5,0,0
5,0,1,4,0,1,0,0,5,0,2,0,70,1,1,0,0,0,2,10,3,1,2,13,1,0,0,0,1,2,21,27,0,5,15,0,1,1,0,1,2,1,0,2,5,2,0,8,20,0,0,0,0,2,2,3,1,17,1,2,0,9,1,5,6,0,1,0,0,0,4,5,0,4,3,0,0,0,2,1,0,12,2,11,5,15,3,0,0,2,1,26,5,0,3,2,15,25,0,1
1,0,1,2,0,0,0,0,0,0,3,0,33,1,0,0,0,0,0,4,0,0,0,9,0,0,0,0,1,1,10,10,0,0,8,1,0,0,0,0,0,0,0,0,4,0,0,1,8,0,0,0,0,2,2,3,1,7,0,3,0,7,0,4,0,1,0,0,0,0,0,2,0,0,3,0,1,0,0,1,1,16,0,7,2,9,4,0,0,1,1,14,3,0,1,0,11,16,0,0
7,0,4,8,0,0,0,3,1,4,4,1,71,2,2,0,1,0,1,8,3,0,6,18,0,1,0,0,2,4,29,14,0,3,16,0,0,1,0,1,0,1,1,0,4,2,0,0,24,1,0,1,0,3,0,1,0,19,0,1,0,15,1,4,1,1,2,0,0,1,5,7,0,5,4,0,2,0,1,0,0,16,2,4,5,10,4,0,0,1,0,21,9,4,1,0,22,30,0,2
0,1,3,0,0,0,5,7,1,0,0,2,0,8,69,0,0,0,4,0,1,14,0,1,1,7,70,31,0,1,0,0,9,0,0,3,18,0,0,1,10,3,0,0,0,0,37,0,0,0,2,0,1,2,0,0,1,0,0,0,100,0,0,1,2,0,1,71,0,5,0,0,7,0,3,85,2,6,0,0,10,1,3,0,0,0,0,11,40,1,0,0,0,2,3,0,1,0,3,0
2,1,2,7,0,2,0,0,6,0,12,2,47,6,1,0,3,0,1,6,7,0,25,78,5,0,0,0,15,4,14,11,0,14,49,0,1,4,0,5,1,2,0,16,13,3,0,10,13,2,1,2,0,5,12,30,2,9,5,15,0,7,4,27,1,12,3,0,1,1,4,17,0,3,3,0,4,2,6,4,2,14,2,11,20,105,31,0,0,2,3,60,3,4,2,0,28,19,0,3
14,0,4,10,0,0,2,0,7,4,6,0,177,1,0,0,0,0,2,15,2,2,3,21,2,0,0,0,5,6,46,40,2,6,28,0,0,1,0,2,0,1,2,3,7,2,1,7,33,0,2,0,1,2,5,2,2,36,3,10,0,26,2,5,4,1,7,0,0,0,6,6,2,1,6,0,4,0,2,2,3,37,2,19,11,25,14,0,0,7,0,39,14,4,4,0,33,38,0,10
0,0,6,5,0,0,20,40,3,0,0,0,1,7,2,1,0,0,38,0,0,25,0,0,1,0,1,1,0,1,2,0,8,0,1,1,9,0,0,0,22,7,0,0,0,4,11,0,2,0,0,0,0,6,0,0,0,3,0,0,0,0,0,0,5,0,3,2,0,7,7,0,3,0,10,1,23,1,0,0,37,0,3,0,0,0,0,6,1,0,0,1,6,11,3,0,3,1,1,0
0,0,7,1,0,0,1,5,0,0,0,1,1,2,38,0,0,0,6,0,1,4,0,0,2,4,39,28,0,1,0,0,8,0,1,3,25,0,0,0,11,2,0,0,0,0,18,0,0,0,7,0,4,1,1,0,1,0,0,0,91,1,0,0,4,0,2,73,0,2,1,0,10,0,2,82,3,4,0,0,7,0,3,0,0,0,0,11,30,0,0,0,0,6,4,0,2,0,2,0
15,0,7,11,0,0,17,22,4,13,1,0,2,0,2,0,0,0,25,6,0,12,2,1,0,1,1,1,0,4,23,7,2,0,2,0,5,2,0,0,10,7,12,1,0,28,2,1,30,0,3,0,0,8,2,0,0,27,0,0,1,38,0,0,7,1,6,3,0,32,89,1,3,0,26,1,47,0,0,0,15,13,2,0,0,0,1,1,0,9,0,6,74,11,3,19,8,7,0,0
17,0,2,3,0,1,0,0,5,6,5,0,107,1,0,0,1,0,2,14,2,1,2,21,2,0,0,0,3,2,24,24,2,3,31,0,1,1,0,4,2,3,3,3,5,2,2,5,29,1,0,0,0,1,5,8,1,20,7,3,0,17,7,6,1,4,3,0,0,0,0,5,0,2,5,0,0,0,3,0,4,22,2,19,6,20,10,0,1,1,0,46,12,2,3,0,19,35,0,4
5,0,0,2,0,1,0,0,1,2,0,0,27,0,0,0,0,0,0,4,1,2,3,6,1,0,0,0,2,1,5,10,0,0,7,0,1,0,0,0,0,0,0,1,2,0,0,0,5,0,0,0,0,0,0,2,0,9,0,1,0,2,0,0,0,0,0,0,0,0,0,0,0,0,1,0,1,0,0,1,1,6,1,6,2,13,1,0,0,0,0,8,1,0,0,0,3,15,0,1
0,0,0,0,0,0,4,3,0,1,0,0,1,0,0,0,0,0,2,0,0,0,0,0,0,0,0,0,0,1,5,1,0,0,0,0,0,0,0,0,2,1,2,0,0,3,0,0,3,0,0,0,0,0,0,0,0,3,0,0,0,4,0,0,2,0,0,1,0,1,4,0,0,0,5,0,7,0,0,0,0,1,1,1,0,0,0,0,1,0,0,0,7,0,0,3,1,0,0,0
1,0,0,0,0,0,0,0,1,0,1,0,2,0,0,0,1,0,0,0,0,0,0,4,0,0,0,0,1,0,1,0,0,1,3,0,0,0,0,0,0,0,0,0,0,0,0,0,0,0,0,0,0,0,0,2,0,1,0,2,0,0,0,0,0,0,0,0,0,0,0,1,0,1,0,0,0,0,0,0,0,1,0,0,0,6,3,0,0,0,0,5,1,0,0,0,2,1,0,0
1,0,0,1,0,0,1,0,0,0,0,0,21,0,0,0,0,0,0,1,1,0,0,6,3,0,0,0,2,1,5,6,0,1,4,0,0,0,0,0,1,0,1,0,3,1,1,1,6,0,0,0,0,0,1,0,0,9,0,2,0,3,0,2,1,1,0,0,0,0,3,0,0,1,0,0,1,0,1,0,0,1,0,5,2,9,1,0,0,2,0,14,1,1,1,1,7,4,0,1
48,0,1,6,0,0,4,3,0,84,0,0,5,0,0,0,0,0,1,4,0,1,0,0,1,0,0,0,1,0,16,10,1,0,1,0,0,0,0,0,4,2,62,0,0,59,0,1,16,0,0,0,1,0,0,1,0,18,0,0,0,11,0,0,0,0,3,1,0,6,15,0,0,0,6,1,3,0,0,0,2,6,0,2,1,1,1,0,0,59,1,1,8,0,0,11,5,13,0,0
1,0,10,16,0,0,53,76,6,5,0,0,1,6,14,0,0,0,96,0,0,43,0,0,0,0,1,5,0,7,6,0,5,0,3,0,32,0,0,0,45,16,0,0,0,2,20,0,7,0,4,0,1,13,2,0,0,2,0,0,0,11,0,0,15,0,11,9,0,31,22,0,6,0,44,4,54,1,0,0,74,5,2,1,0,0,0,6,1,2,1,4,9,22,2,6,5,0,0,0
0,0,0,1,0,0,2,2,0,0,0,0,0,0,7,0,0,0,2,0,0,1,0,0,1,0,4,6,0,0,0,0,3,0,0,1,1,0,0,0,3,1,0,0,0,0,7,0,0,0,0,0,0,1,1,0,0,0,0,0,13,0,0,0,1,0,0,10,0,0,0,0,3,0,0,19,0,0,0,0,0,0,0,0,0,0,0,0,6,0,0,1,0,1,1,0,0,0,0,0
0,0,2,3,0,0,7,11,0,0,0,1,0,2,46,0,0,0,5,1,0,6,0,0,0,2,37,25,0,6,0,0,11,0,1,1,16,0,0,0,6,4,0,0,0,0,30,0,0,0,3,0,1,3,0,0,3,0,0,0,91,0,0,0,3,0,2,45,0,1,1,0,12,0,0,65,0,4,0,0,6,0,2,0,0,1,0,11,39,0,1,0,1,0,1,0,0,0,3,0
40,0,1,0,0,0,2,2,1,50,0,0,3,0,0,0,0,0,3,1,0,1,0,2,0,0,0,0,0,0,3,5,0,0,0,0,0,0,0,0,0,1,42,1,0,39,0,0,8,0,0,0,0,0,0,0,0,23,0,0,0,9,0,0,1,0,0,0,0,1,6,0,0,0,3,0,2,0,0,0,2,3,0,1,1,0,1,0,0,35,0,1,15,1,0,8,2,13,0,0
9,0,2,1,0,1,0,0,3,0,2,0,68,0,0,0,0,0,0,7,1,1,2,8,2,0,0,0,3,0,17,8,0,1,20,0,0,0,0,1,0,1,1,0,4,2,0,2,15,1,0,0,0,0,3,4,1,13,0,1,0,5,1,3,4,1,0,0,0,1,0,1,0,1,0,0,0,0,0,0,0,6,0,8,4,11,5,2,0,2,0,15,5,2,1,0,11,19,0,1
6,0,0,5,0,0,11,13,1,9,0,0,0,0,0,0,0,0,10,1,0,6,0,1,0,0,0,1,0,0,8,6,3,0,1,0,1,0,0,0,5,4,4,0,0,17,1,0,15,1,0,0,0,0,1,0,0,15,0,0,0,18,0,0,1,1,3,0,0,14,45,0,0,0,8,0,20,1,0,0,6,8,0,1,0,1,0,3,0,5,0,1,25,6,0,4,4,2,0,0
3,0,2,4,0,1,0,0,4,0,24,2,46,2,1,0,2,0,2,4,2,0,12,76,1,0,0,0,8,3,22,7,0,18,44,0,0,4,0,4,0,4,0,12,17,1,0,8,17,0,1,1,0,0,7,23,1,9,7,15,0,9,6,20,1,4,6,0,0,0,9,9,0,4,2,0,1,0,11,3,0,13,2,5,10,86,21,0,0,0,0,49,3,2,2,0,21,11,0,8
0,0,3,3,0,0,5,7,0,0,0,0,0,2,28,0,0,0,7,0,0,4,1,0,1,2,34,17,0,1,0,0,6,0,1,2,15,0,0,0,3,4,0,0,0,1,24,0,0,0,1,0,0,1,0,0,0,0,0,0,72,0,0,0,4,0,0,34,0,3,0,0,3,0,1,38,2,4,0,0,7,0,1,0,0,0,0,8,26,0,0,0,0,0,0,0,0,0,0,0
45,0,0,1,0,0,3,0,0,50,0,0,4,0,0,0,0,0,2,1,0,0,0,0,0,0,0,0,0,0,8,5,0,0,1,0,0,0,0,0,1,0,40,0,0,32,2,0,8,0,0,0,0,1,0,0,0,11,0,0,0,9,0,0,2,0,1,0,0,3,5,0,0,0,2,0,2,0,0,0,2,1,1,7,1,0,0,1,0,39,0,2,7,1,0,11,1,3,0,0
2,0,1,2,0,1,0,0,2,0,5,1,11,0,0,0,0,0,0,0,2,0,4,18,0,1,0,0,4,1,2,2,0,5,25,0,0,0,0,4,1,0,0,3,5,0,0,5,2,0,0,2,0,0,3,7,0,5,1,6,0,1,2,5,2,1,1,0,0,1,1,3,0,1,1,0,1,0,1,0,0,9,0,0,5,33,6,0,0,1,0,24,1,3,0,0,7,2,0,2
0,0,6,1,0,0,2,14,0,0,0,1,0,2,59,0,0,0,3,0,0,19,0,0,1,1,50,43,0,2,0,0,11,0,0,1,26,1,0,0,12,3,0,0,0,2,29,0,0,0,4,0,1,4,1,0,1,0,0,0,108,0,0,0,6,0,2,65,0,2,0,0,19,0,2,93,4,10,0,0,10,0,2,0,0,0,0,22,39,0,0,0,0,5,1,0,1,0,3,0
17,0,6,11,0,0,18,21,6,19,0,0,6,2,5,0,0,0,24,1,0,16,2,0,2,1,0,1,0,5,46,6,2,0,1,0,11,0,0,0,10,6,10,0,0,21,5,0,35,0,2,0,0,3,1,1,1,32,0,0,0,49,0,1,9,0,11,1,0,31,113,0,5,0,24,0,50,0,0,0,20,22,1,1,0,1,1,1,0,11,0,6,81,11,2,22,6,5,1,0
9,0,0,0,0,0,0,0,0,14,0,0,1,0,0,0,0,0,0,1,0,0,0,0,0,0,0,0,0,0,5,6,0,0,0,0,0,0,0,0,0,0,16,0,0,10,0,0,5,0,0,0,0,0,0,0,0,7,0,0,0,2,0,0,0,0,1,0,0,0,2,0,0,0,1,0,1,0,0,0,1,1,0,0,0,0,0,0,0,7,0,1,3,0,0,9,0,3,0,0
2,0,1,0,0,0,1,0,0,0,3,0,35,0,0,0,0,0,1,4,0,1,2,4,0,0,0,0,3,1,7,14,1,1,6,0,0,0,0,0,0,1,2,1,4,0,0,6,8,0,0,0,0,2,1,1,0,3,0,2,0,3,0,1,2,1,1,0,0,0,1,1,0,0,3,0,0,0,0,1,2,9,0,6,2,4,2,0,0,0,1,7,6,2,0,0,2,12,0,3
8,0,2,5,0,0,1,3,3,2,6,0,106,2,0,0,0,0,0,11,2,1,2,12,2,0,0,0,6,2,22,23,1,0,28,0,0,0,0,2,0,1,1,0,6,1,0,8,18,1,1,2,0,0,4,4,0,13,0,6,0,16,3,8,3,2,6,0,1,0,5,11,0,1,1,0,2,0,2,1,0,18,1,14,3,15,10,0,0,3,1,31,8,3,1,1,20,37,0,1
25,0,1,1,0,0,0,1,0,34,0,0,5,1,0,0,0,0,2,4,0,0,0,1,0,0,0,0,0,0,6,10,0,0,1,0,1,0,0,0,0,0,23,1,0,22,1,1,8,0,0,0,0,0,1,1,0,11,0,0,0,10,0,0,3,0,1,0,0,2,7,0,0,0,2,0,3,0,0,0,1,3,1,6,2,0,2,0,0,33,0,0,10,0,0,6,1,5,0,0
0,0,3,1,0,0,2,2,0,0,0,1,0,1,29,0,0,0,3,0,0,5,0,0,1,2,20,13,0,0,0,0,7,0,1,1,17,0,0,0,9,3,0,0,0,0,9,0,0,0,3,0,1,2,1,0,1,0,0,0,59,0,0,1,1,0,0,35,0,4,0,0,7,0,0,40,1,2,0,0,3,0,2,0,0,0,0,6,23,0,0,0,0,1,1,0,0,0,0,0
4,0,3,2,0,1,1,0,2,1,15,1,23,2,0,0,0,0,0,8,3,0,13,61,0,1,0,0,13,1,11,4,0,9,41,0,0,2,0,7,1,1,0,8,10,1,0,4,10,1,1,3,0,3,10,18,3,4,3,16,0,3,3,24,3,9,4,0,0,1,1,16,0,3,2,0,3,0,5,3,1,13,2,3,11,65,20,1,0,0,2,40,10,4,1,0,18,10,1,3
18,0,1,9,0,1,2,2,3,2,5,0,140,2,1,0,2,0,2,17,0,3,3,32,0,3,0,0,9,2,29,32,2,5,36,0,0,0,0,1,0,2,6,4,6,1,0,4,26,1,1,0,0,2,3,2,0,28,0,7,0,19,3,7,2,4,5,0,0,1,8,5,2,2,2,0,6,0,1,4,0,28,0,22,3,27,6,1,0,3,1,40,15,4,2,2,27,42,1,2
0,0,0,0,0,0,1,2,0,0,0,0,0,1,0,0,0,0,3,0,0,0,0,0,0,0,0,0,0,0,0,0,0,0,0,0,2,0,0,0,1,2,0,0,0,0,0,0,0,0,0,0,0,0,1,0,0,0,0,0,0,0,0,0,1,0,0,0,0,2,3,0,0,0,1,1,1,0,0,0,2,0,0,0,0,0,0,0,0,0,0,0,0,1,0,0,0,0,0,0
3,0,3,4,0,0,7,12,4,6,0,0,3,1,0,0,0,0,15,1,1,6,0,1,1,0,0,1,0,1,10,3,2,0,4,0,2,0,0,0,3,6,9,0,0,16,3,0,12,0,0,0,0,0,2,0,0,17,0,0,0,11,0,2,2,0,2,1,0,14,37,0,2,0,12,0,23,0,0,0,9,12,0,2,0,2,0,3,0,5,0,1,32,5,2,12,3,2,0,0
7,0,1,0,0,0,0,0,1,1,0,0,51,1,0,0,0,0,0,4,0,0,3,16,1,0,0,0,0,0,11,7,0,1,9,0,0,0,0,0,1,0,0,1,3,3,0,2,13,0,0,0,0,1,2,1,0,12,0,2,0,5,1,1,1,1,1,0,0,0,2,3,1,1,1,0,1,0,2,0,0,7,2,9,2,15,4,0,0,0,0,8,3,3,2,0,4,12,0,1
54,0,1,2,0,0,1,5,0,90,1,0,3,0,0,0,0,0,3,10,0,1,0,0,0,0,0,0,1,1,13,31,0,0,3,0,1,0,0,0,0,2,99,0,0,55,2,1,7,0,0,0,0,2,1,0,0,29,0,0,1,10,0,0,1,0,4,0,0,8,14,0,0,0,1,0,5,0,0,1,1,7,1,12,0,0,0,0,0,73,0,4,22,1,0,13,4,13,0,0
0,0,4,7,0,5,0,1,11,1,18,0,54,0,0,0,2,1,0,7,5,1,20,74,5,0,0,0,13,4,23,13,0,11,48,0,0,0,0,12,0,1,2,18,16,2,0,6,12,0,3,6,0,5,7,28,3,9,7,19,0,4,5,28,6,3,5,0,0,0,4,15,0,4,4,0,1,0,5,9,0,13,4,7,17,103,23,1,0,0,1,59,3,0,4,0,23,20,0,4
7,0,8,11,0,0,13,14,5,6,0,1,3,2,1,0,0,0,32,3,1,8,0,3,0,2,0,1,0,2,20,9,3,0,5,0,2,0,0,0,14,11,14,0,1,31,9,0,32,2,2,0,0,1,3,0,0,26,0,0,0,27,0,1,10,0,2,0,0,25,66,0,4,0,26,2,54,0,1,2,23,16,1,0,0,1,1,0,0,14,0,1,73,14,0,15,7,6,0,0
14,0,0,8,0,0,0,1,1,2,6,0,79,0,0,0,0,0,0,19,4,0,2,15,2,1,0,0,6,0,16,19,1,1,21,1,1,0,0,2,0,1,1,1,6,1,0,5,15,0,1,5,0,1,2,7,0,24,3,5,0,10,2,5,3,0,4,0,0,0,6,5,0,1,4,0,0,0,0,0,2,23,0,11,6,28,4,0,1,2,0,24,10,5,0,0,18,16,0,1
14,0,2,7,0,0,2,0,6,4,6,1,152,6,0,0,0,0,3,13,2,1,5,31,3,1,0,0,10,2,24,32,0,5,32,1,0,0,0,2,1,2,1,5,7,4,0,8,28,0,0,0,0,2,5,6,0,26,2,8,0,16,3,5,3,2,5,0,0,0,5,10,0,2,2,0,3,0,2,2,0,22,4,17,10,29,7,0,0,3,1,37,9,4,0,0,25,40,0,3
0,0,6,3,0,0,4,7,1,0,0,1,0,3,46,0,0,0,3,0,0,10,0,0,0,2,63,40,0,3,0,0,9,0,0,5,22,0,0,0,17,8,1,0,0,0,35,0,2,0,4,0,2,3,3,0,1,0,0,0,136,0,0,0,6,0,4,88,0,7,2,0,11,0,3,111,3,8,0,0,10,0,4,0,0,0,0,19,48,0,0,0,1,4,1,0,0,0,2,0
1,0,0,2,0,0,5,0,0,0,0,0,2,1,1,0,0,0,2,1,0,0,0,0,0,0,0,0,0,1,6,0,0,0,2,1,2,1,0,0,1,0,3,0,0,3,1,1,3,0,1,0,0,0,1,0,0,5,0,1,0,6,0,0,0,0,2,0,0,5,21,0,0,0,9,0,4,0,0,0,5,1,1,0,0,1,1,0,0,2,0,2,11,4,0,7,1,0,0,0
7,0,2,8,0,3,0,1,4,0,21,0,43,4,0,2,3,1,1,13,5,0,12,81,1,2,0,0,15,5,14,5,2,13,60,0,0,2,0,5,1,3,1,12,14,1,0,10,14,0,3,6,0,0,7,20,1,10,5,14,0,10,6,17,3,10,4,0,1,1,2,16,0,2,3,0,3,0,4,5,1,13,2,10,26,91,23,1,0,0,2,76,7,1,1,0,21,21,0,1
0,0,3,11,0,1,45,71,2,0,0,0,1,1,9,0,0,0,75,0,0,45,0,0,2,3,2,6,0,2,4,2,4,0,1,0,22,0,0,0,46,16,0,0,1,5,17,0,7,2,3,0,0,9,1,0,0,3,0,0,1,11,0,0,10,1,6,4,0,29,18,0,6,0,31,2,50,1,0,0,88,2,5,1,0,1,0,4,3,1,1,5,16,22,5,9,3,2,0,0
1,0,2,6,0,0,6,3,2,6,0,0,2,0,0,0,0,0,7,0,0,5,0,0,0,0,0,0,0,0,9,5,1,0,2,0,5,0,0,0,2,7,3,0,0,8,0,0,13,0,0,0,0,2,1,0,0,9,0,0,0,7,0,0,2,0,0,0,0,10,26,0,1,0,10,1,23,0,0,0,4,9,2,0,0,1,0,1,0,3,0,1,19,5,0,6,2,1,0,0
2,0,1,2,0,0,0,0,0,1,2,0,17,3,0,0,0,0,0,1,0,0,1,3,0,0,0,0,1,0,2,5,0,0,3,0,0,0,0,0,0,0,0,0,0,1,0,1,1,0,0,0,0,0,2,1,0,2,1,0,0,3,0,2,0,0,0,0,0,0,2,2,0,1,0,0,1,0,0,1,0,1,0,3,1,6,1,0,0,0,0,4,0,1,1,0,2,9,0,0
1,0,2,3,1,0,0,0,2,1,3,0,73,0,0,0,0,0,0,9,3,2,5,8,0,0,0,0,6,4,30,13,1,1,18,0,1,0,0,0,1,4,1,3,0,1,0,3,18,0,0,0,0,0,2,2,1,17,0,4,0,11,0,4,1,0,2,0,0,1,6,1,0,1,2,0,1,0,2,0,0,15,2,12,3,20,5,1,0,1,1,24,2,3,0,0,13,26,1,4
7,0,0,1,0,0,7,3,2,9,0,0,1,2,1,0,0,0,14,0,0,3,0,1,0,0,0,1,0,2,8,3,3,0,2,0,1,0,0,0,6,4,7,0,0,14,2,0,25,0,0,0,0,0,1,0,0,5,0,0,2,18,0,0,3,0,1,0,0,8,44,0,0,0,16,0,25,0,0,0,4,5,1,2,0,0,1,0,0,7,0,3,24,2,0,6,5,4,0,0
0,0,2,6,0,0,32,29,2,1,0,1,2,2,6,0,0,0,48,0,0,18,0,0,0,2,0,3,0,1,2,1,4,0,0,0,12,0,0,0,23,10,1,0,0,2,9,0,2,0,1,1,1,3,1,0,1,2,0,0,0,4,0,0,4,0,3,3,0,13,8,0,5,0,18,1,26,0,0,0,53,1,2,0,1,0,0,3,0,2,0,1,5,14,0,3,1,1,1,0
18,0,4,6,0,0,15,8,3,11,1,0,6,0,2,0,0,0,14,2,0,8,0,1,0,0,0,1,0,3,17,7,2,0,4,0,1,0,0,0,9,6,11,0,0,19,2,0,26,0,0,0,0,3,1,0,1,21,1,0,0,31,0,0,7,0,4,0,0,15,48,0,2,0,21,0,42,0,1,0,13,11,2,1,0,1,0,2,1,14,0,6,38,12,1,8,6,3,0,0
15,0,1,1,0,0,0,2,0,33,0,1,2,0,1,0,0,0,0,2,0,0,0,0,0,0,0,1,0,0,7,5,0,0,0,0,0,0,0,0,0,2,31,0,0,24,0,0,9,0,0,0,0,0,0,1,1,3,0,1,0,5,0,0,0,0,0,0,0,1,4,0,0,0,0,0,4,0,0,0,2,3,0,2,0,0,0,0,0,24,0,1,8,0,0,4,2,3,0,0
4,0,3,3,0,1,6,3,2,10,0,0,3,4,0,0,0,0,14,4,0,10,1,1,1,0,0,0,1,0,10,6,1,0,0,0,0,0,0,0,3,4,7,0,0,16,4,0,15,0,0,0,0,3,2,0,1,15,0,0,1,23,0,0,5,0,2,1,0,10,54,0,2,0,25,1,16,1,0,0,10,12,0,1,0,0,0,0,1,6,0,2,47,9,1,10,3,3,1,0
6,0,1,10,0,0,1,2,7,2,4,1,100,1,0,0,0,0,3,8,3,3,4,18,1,0,0,0,8,1,19,29,1,5,18,0,1,1,0,1,0,0,2,1,7,4,0,7,17,0,0,1,2,3,3,5,0,23,0,7,0,8,5,9,1,2,4,0,0,0,3,6,1,1,3,0,4,0,2,0,3,11,1,10,5,19,9,0,0,1,0,24,11,3,3,0,15,26,0,2
5,0,1,6,0,1,0,1,7,0,17,0,45,4,0,0,2,0,0,13,7,2,28,84,2,0,1,0,21,7,16,11,0,17,53,0,0,0,0,6,2,2,0,11,21,1,0,8,13,2,0,6,1,3,4,29,1,6,4,19,0,9,6,33,1,9,3,0,0,0,5,13,0,3,1,0,2,0,7,6,0,12,1,7,22,99,19,0,0,2,3,62,2,2,3,0,37,21,0,7
8,0,0,4,0,0,5,3,1,3,0,0,4,0,0,0,0,0,9,0,0,1,0,0,0,0,0,0,0,3,9,2,1,0,2,0,2,0,0,0,4,0,3,0,0,5,2,0,6,0,0,0,0,1,1,0,0,9,0,0,0,12,0,0,3,0,4,0,0,3,27,0,1,0,9,0,14,0,0,0,8,7,0,1,0,2,0,0,0,8,0,0,21,9,0,3,3,1,0,0
8,0,2,5,0,0,7,9,2,11,1,0,0,1,0,0,0,0,14,2,0,5,1,1,0,1,0,1,1,2,10,2,0,0,2,0,7,0,0,0,12,6,5,0,0,22,3,0,12,0,0,0,0,3,2,0,1,23,0,0,0,22,0,0,4,0,2,1,0,24,55,0,1,0,15,0,39,0,0,0,17,21,1,0,0,0,1,1,1,10,0,2,43,11,2,12,7,3,0,0
19,0,5,11,0,0,22,19,6,20,0,1,5,4,2,0,0,0,29,3,1,19,0,2,0,3,1,3,0,0,23,6,1,1,5,0,7,1,0,0,12,12,9,0,1,30,5,0,43,0,0,0,0,5,3,2,2,30,0,0,0,55,0,0,4,0,8,2,0,21,98,0,2,0,36,1,53,1,0,0,17,15,3,5,0,0,0,1,0,16,1,5,70,20,3,16,7,3,0,0
19,0,1,7,1,1,3,0,4,5,7,0,165,1,0,0,2,0,1,27,3,4,7,26,4,0,0,0,8,2,46,31,1,6,36,0,0,0,1,3,0,4,0,4,5,3,0,9,37,2,0,2,0,3,7,7,3,35,2,12,0,30,2,6,3,4,2,0,0,0,3,9,1,0,4,0,4,0,5,2,3,23,2,16,8,33,17,0,0,1,0,43,13,7,1,2,31,46,2,4
1,0,0,2,0,0,0,0,1,0,1,0,20,1,0,0,0,0,1,0,0,0,1,2,0,1,0,0,2,0,4,3,0,0,6,0,0,0,0,0,0,0,0,0,1,0,1,2,8,0,0,0,0,0,1,2,0,2,0,1,0,2,1,2,0,0,2,0,0,0,0,0,0,0,1,0,0,0,1,0,0,0,0,3,1,3,1,0,0,0,0,9,1,0,0,0,3,8,0,0
11,0,5,6,0,0,19,19,3,8,0,1,7,5,2,0,0,0,32,3,1,13,0,0,2,1,0,1,0,3,20,7,3,0,4,0,10,0,0,0,6,10,8,0,1,24,5,0,41,0,2,0,1,6,3,0,0,40,0,0,0,48,0,0,7,0,5,4,0,21,79,1,6,0,21,0,44,0,1,0,20,22,2,5,0,2,0,3,1,11,1,5,68,22,1,19,9,2,1,0
15,0,8,10,0,0,27,20,2,15,0,0,8,1,3,0,0,0,23,0,0,4,0,0,1,2,1,3,1,2,30,8,4,0,5,1,6,0,0,1,9,11,15,0,0,23,7,2,38,0,0,0,0,3,3,0,0,33,0,0,0,45,1,1,11,0,3,1,0,26,92,1,7,0,36,0,54,0,0,0,17,7,5,3,1,0,0,4,0,16,0,1,63,8,3,30,9,3,0,0
0,0,3,0,0,0,4,5,1,0,0,1,0,5,30,0,0,0,4,0,0,6,0,0,0,2,28,18,0,1,1,0,3,0,0,0,15,0,0,0,5,1,0,0,0,0,10,0,0,0,1,0,2,1,0,0,1,0,0,0,77,1,0,0,4,0,1,41,0,2,2,0,6,0,0,51,0,4,0,0,6,0,2,0,0,0,0,10,21,0,0,0,1,2,0,0,0,0,0,0
8,0,0,3,0,1,0,0,3,1,7,0,50,0,0,0,0,0,1,11,2,0,1,14,0,0,0,0,3,0,11,12,0,3,15,0,1,0,0,0,0,2,1,1,1,0,0,2,8,0,0,0,0,0,1,5,0,13,0,2,0,8,0,2,0,1,0,0,0,0,1,4,0,3,0,0,2,0,0,0,0,6,0,7,3,17,5,0,0,2,0,17,1,2,0,3,15,15,0,0
0,0,1,1,0,0,2,10,0,0,0,0,2,2,2,0,0,0,18,0,0,5,0,0,0,0,0,1,0,2,1,0,1,0,0,1,4,0,0,0,10,1,0,0,0,0,0,0,0,0,0,0,0,1,1,0,0,2,0,0,0,4,0,0,3,0,3,3,1,2,8,0,1,0,7,0,15,0,0,0,10,1,1,0,0,0,0,0,0,0,0,1,1,3,1,1,0,0,0,0
17,2,3,6,0,3,0,1,6,2,7,0,143,4,0,0,0,1,5,12,3,1,10,34,1,1,0,0,8,3,40,30,1,10,38,1,0,0,0,0,3,4,4,0,6,6,1,8,20,3,0,0,0,1,3,6,4,21,0,11,0,32,1,15,6,6,5,0,0,1,8,7,1,4,5,0,3,2,0,2,0,28,0,26,3,28,17,3,0,2,0,35,14,7,4,5,20,50,0,5
12,0,1,3,0,0,0,0,2,2,4,0,83,2,0,0,0,0,0,10,0,0,3,13,0,0,0,0,3,3,24,15,1,2,18,0,0,0,0,0,1,5,1,2,0,0,0,7,16,1,0,0,0,0,5,7,1,10,0,4,0,8,3,3,2,0,3,0,0,0,6,5,0,1,2,0,0,0,0,1,0,12,2,9,2,13,8,0,0,0,1,19,6,4,2,0,9,18,1,1
5,0,0,2,0,0,1,1,0,1,2,0,52,0,0,0,1,0,1,7,0,0,1,12,1,1,0,0,4,0,12,8,0,2,16,0,0,1,0,0,1,4,1,0,0,1,1,6,7,0,0,0,0,2,1,1,0,12,1,4,0,9,0,2,3,0,4,0,0,0,3,3,0,0,4,0,0,0,1,0,0,3,1,9,4,7,3,0,0,1,0,9,4,1,0,0,11,14,0,1
0,1,2,2,0,0,4,6,0,0,0,0,0,1,7,0,0,0,2,0,0,5,0,0,0,1,20,12,0,3,0,0,1,0,0,0,13,0,1,0,7,1,0,0,0,0,21,0,0,0,2,0,1,1,1,0,1,0,0,0,51,0,0,0,2,0,0,13,0,0,1,0,5,0,1,23,1,5,0,0,6,0,0,0,0,0,0,4,21,0,0,0,0,2,1,0,0,0,0,0
0,0,0,1,0,0,0,0,5,1,1,0,33,0,0,0,0,0,0,7,0,0,0,1,0,0,0,1,2,0,13,4,0,2,10,0,0,1,0,0,0,0,0,0,4,0,1,3,13,0,0,0,0,1,3,2,0,9,1,1,0,6,2,1,1,0,2,0,0,0,2,2,0,0,3,0,1,0,0,0,1,4,0,5,5,16,1,0,0,0,0,4,3,0,0,1,5,10,0,0
2,0,2,2,0,0,4,3,1,2,0,0,0,0,3,0,0,0,4,0,0,2,0,0,0,0,0,1,0,0,4,3,1,0,2,0,1,0,0,0,2,4,2,0,0,5,1,0,9,0,0,0,0,2,2,0,0,4,0,0,0,11,0,0,0,1,0,0,0,7,23,0,0,0,4,0,8,0,0,0,5,7,0,2,0,0,0,0,0,5,0,2,12,3,0,5,0,1,0,0
2,1,5,10,0,0,25,52,1,0,0,2,1,7,3,1,0,0,60,0,0,34,0,0,0,0,2,4,0,2,3,1,6,0,0,0,21,0,0,0,30,13,2,0,0,5,15,0,3,0,4,0,0,3,4,0,1,4,0,0,0,7,0,0,5,0,1,2,0,17,14,0,8,0,28,4,23,2,0,0,58,4,3,0,0,0,0,5,0,2,0,0,8,9,3,6,5,0,0,0
0,0,1,2,0,0,6,13,2,0,0,0,0,0,4,0,0,0,29,0,0,9,0,0,0,0,0,6,0,1,0,0,1,0,2,0,7,0,0,0,9,6,1,0,0,1,4,0,0,0,1,0,0,1,0,0,0,0,0,0,0,0,0,0,1,0,1,2,0,9,4,0,5,0,9,1,14,0,0,0,20,0,1,0,0,0,0,2,2,0,0,1,3,4,1,2,2,0,0,0
2,1,5,4,0,1,0,1,2,0,23,0,47,3,0,0,0,0,1,2,10,2,16,91,6,0,0,0,14,2,18,9,2,8,46,0,0,2,0,11,0,0,2,15,20,0,1,7,7,0,2,2,1,2,7,15,2,10,3,11,0,6,10,30,4,13,2,0,0,0,2,19,0,7,1,0,1,0,6,7,1,15,0,11,17,101,25,1,0,0,2,44,10,1,4,0,27,19,1,3
3,0,5,21,0,0,49,62,6,2,0,2,1,3,4,0,0,0,90,0,0,43,0,0,1,0,1,12,0,4,4,1,5,0,0,0,17,0,0,0,47,27,3,0,0,2,17,0,8,1,5,0,0,8,4,0,1,3,0,0,0,8,0,0,13,0,9,2,0,36,12,0,10,0,40,2,61,2,0,0,93,6,4,0,0,0,0,6,3,2,0,3,10,15,3,9,5,0,0,0
2,0,1,2,0,0,0,0,1,0,1,0,25,1,0,0,0,0,0,3,0,1,1,4,0,0,0,0,1,0,10,8,0,2,5,0,0,0,0,0,0,0,0,1,0,0,0,0,4,0,0,0,0,0,0,3,0,9,0,2,0,4,0,1,0,0,0,0,0,0,1,1,0,0,2,0,0,0,0,0,0,8,1,4,3,5,3,0,0,1,0,6,1,1,2,0,7,5,0,0
19,0,3,9,1,0,0,1,6,1,4,0,114,1,1,0,0,0,1,13,2,2,8,29,0,0,0,0,8,3,32,32,1,5,37,0,1,0,0,2,0,2,6,1,7,3,1,6,22,0,1,2,0,0,2,2,1,38,0,3,1,20,7,6,1,2,3,0,0,1,5,7,0,1,6,0,2,0,3,1,0,41,1,18,7,29,15,0,0,3,0,46,17,6,3,2,28,49,0,1
0,0,0,0,0,0,0,0,0,0,3,0,6,0,0,0,0,0,0,1,0,0,2,10,1,0,0,0,1,1,0,0,0,2,1,0,0,0,0,0,0,0,0,2,1,0,0,1,1,0,0,0,0,0,2,0,1,0,0,1,0,0,0,3,0,0,0,0,0,0,1,2,0,0,0,0,0,0,0,1,0,0,0,1,2,11,2,0,0,1,0,3,0,0,0,0,2,1,0,0
2,0,0,3,1,1,1,1,3,3,21,1,37,0,0,1,0,0,2,6,6,1,19,62,2,1,0,0,13,2,9,8,0,22,38,0,0,3,0,4,0,4,0,7,15,1,0,5,9,1,0,5,0,0,3,19,0,9,2,7,0,5,6,13,2,5,2,0,1,1,1,13,0,1,2,1,2,0,7,2,1,20,2,3,10,69,26,0,0,0,0,38,4,3,2,0,27,9,0,2
5,0,0,4,1,1,0,0,7,1,28,0,46,1,0,0,2,0,1,7,1,2,11,64,4,0,1,0,12,1,10,2,2,15,47,0,0,0,0,6,0,3,1,11,10,0,1,18,9,1,2,5,0,0,3,19,5,8,1,15,0,8,5,24,4,5,4,0,1,1,2,16,0,3,4,0,2,0,5,3,0,16,1,13,13,86,21,0,0,0,2,54,8,1,1,0,19,10,0,1
3,0,0,3,0,0,0,1,3,0,0,0,18,0,0,0,0,0,0,1,0,0,0,3,0,0,0,0,2,0,2,1,0,0,0,0,0,0,0,0,0,0,0,1,0,0,0,0,7,0,0,0,0,0,1,2,0,1,0,2,0,3,0,0,0,0,0,0,0,0,1,1,0,0,1,0,1,0,0,0,0,4,0,2,0,4,1,0,0,0,0,2,1,1,0,0,2,7,0,0
1,0,8,8,0,0,28,32,3,2,0,1,1,5,7,0,0,0,56,0,1,29,0,0,0,0,0,9,0,2,3,1,5,0,1,1,21,0,0,0,31,15,1,0,0,1,5,0,3,0,1,0,0,5,3,0,1,2,0,0,2,2,0,0,6,0,5,2,0,20,9,0,7,0,22,4,32,0,1,0,58,1,0,0,0,0,0,8,2,2,0,1,9,14,1,8,0,0,0,0
0,0,0,0,0,0,0,0,0,0,0,0,0,0,1,0,0,0,0,0,0,1,0,0,0,0,2,1,0,0,0,0,0,0,0,0,0,0,0,0,0,0,0,0,0,0,3,0,0,0,0,0,0,1,0,0,0,0,0,0,7,0,0,0,0,0,0,0,0,0,0,0,0,0,0,6,0,0,0,0,0,0,0,0,0,0,0,0,1,0,0,0,0,1,0,0,0,0,0,0
3,0,3,2,0,0,3,7,1,13,0,1,2,1,1,0,0,0,11,0,1,5,0,0,1,0,0,2,0,3,6,2,0,0,1,0,1,0,0,0,2,0,1,0,0,4,1,0,3,0,1,0,0,5,0,0,0,7,0,0,0,17,0,0,0,0,3,1,0,13,33,0,3,0,8,2,9,0,0,0,3,3,0,0,0,0,0,0,0,4,0,1,22,2,0,6,4,0,1,0
0,0,5,0,1,0,3,9,0,0,0,0,0,4,42,0,0,0,4,0,0,5,0,0,0,1,26,17,0,0,0,0,9,0,0,0,20,0,0,0,11,1,0,0,0,0,24,0,0,2,4,0,3,5,0,0,0,0,0,0,79,0,0,0,2,0,1,42,0,1,2,0,8,0,0,72,2,5,0,0,7,0,0,0,0,0,0,5,32,0,0,0,1,1,2,0,0,0,0,0
10,0,0,1,0,0,1,0,0,9,0,0,1,0,0,0,0,0,0,1,0,1,0,0,0,0,0,0,0,0,10,6,0,0,0,0,0,0,0,0,0,1,18,0,0,14,0,0,2,0,0,0,0,0,0,0,0,5,0,0,0,4,0,0,0,0,0,1,0,2,2,0,0,0,0,0,1,0,0,0,0,3,0,1,1,0,0,0,0,18,0,1,5,1,0,4,0,1,0,0
